fullName,id,country,eu_group_1,eu_group_2,nation_group,term,start_period_1,gender,orientation
Pietro ADONNINO,957,Italy,European People's Party,None,Democrazia cristiana ,1979-1984,07-1979,male,centre-right
Susanna AGNELLI,943,Italy,Liberal and Democratic Group,None,Partito repubblicano italiano ,1979-1984,07-1979,female,centre
Giorgio ALMIRANTE,1478,Italy,Non-attached Members,None,Movimento sociale italiano - Destra nazionale ,1979-1984,07-1979,male,Non aligned
Giorgio AMENDOLA,928,Italy,Communist and Allies Group,None,Partito comunista italiano ,1979-1984,07-1979,male,left
Dario ANTONIOZZI,1789,Italy,European People's Party,None,Democrazia cristiana ,1979-1984,07-1979,male,centre-right
Gaetano ARFE',938,Italy,Socialist Group,None,Partito socialista italiano ,1979-1984,07-1979,male,centre-left
Maria Fabrizia BADUEL GLORIOSO,906,Italy,Communist and Allies Group,None,Indipendenti di sinistra ,1979-1984,07-1979,female,left
Giovanni BARBAGLI,934,Italy,European People's Party,None,Democrazia cristiana ,1979-1984,07-1979,male,centre-right
Carla BARBARELLA,1773,Italy,Communist and Allies Group,None,Partito comunista italiano ,1979-1984,07-1979,female,left
Paolo BARBI,935,Italy,European People's Party,None,Democrazia cristiana ,1979-1984,07-1979,male,centre-right
Enrico BERLINGUER,931,Italy,Communist and Allies Group,None,Partito comunista italiano ,1979-1984,07-1979,male,left
Giovanni BERSANI,1781,Italy,European People's Party,None,Democrazia cristiana ,1979-1984,07-1979,male,centre-right
Vincenzo BETTIZA,977,Italy,Liberal and Democratic Group,None,Partito liberale italiano ,1979-1984,07-1979,male,centre
Aldo BONACCINI,1770,Italy,Communist and Allies Group,None,Partito comunista italiano ,1979-1984,07-1979,male,left
Emma BONINO,1566,Italy,Group for the Technical Coordination and Defence of Independent Groups and Members,None,Partito radicale ,1979-1984,07-1979,female,Non aligned
Antonino BUTTAFUOCO,1764,Italy,Non-attached Members,None,Movimento sociale italiano - Destra nazionale ,1979-1984,07-1979,male,Non aligned
Mario CAPANNA,912,Italy,Group for the Technical Coordination and Defence of Independent Groups and Members,None,Democrazia proletaria ,1979-1984,07-1979,male,Non aligned
Umberto CARDIA,913,Italy,Communist and Allies Group,None,Partito comunista italiano ,1979-1984,07-1979,male,left
Tullia CARETTONI ROMAGNOLI,900,Italy,Communist and Allies Group,None,Indipendenti di sinistra ,1979-1984,07-1979,female,left
Antonio CARIGLIA,1013,Italy,Socialist Group,None,Partito socialista democratico italiano ,1979-1984,07-1979,male,centre-left
Angelo CAROSSINO,1730,Italy,Communist and Allies Group,None,Partito comunista italiano ,1979-1984,07-1979,male,left
Maria Luisa CASSANMAGNAGO CERRETTI,949,Italy,European People's Party,None,Democrazia cristiana ,1979-1984,07-1979,female,centre-right
Luciana CASTELLINA,947,Italy,Group for the Technical Coordination and Defence of Independent Groups and Members,None,Partito democratico di unità proletaria ,1979-1984,07-1979,female,Non aligned
Manlio CECOVINI,914,Italy,Liberal and Democratic Group,None,Partito liberale italiano ,1979-1984,07-1979,male,centre
Domenico CERAVOLO,915,Italy,Communist and Allies Group,None,Partito comunista italiano ,1979-1984,07-1979,male,left
Maria Lisa CINCIARI RODANO,1705,Italy,Communist and Allies Group,None,Partito comunista italiano ,1979-1984,07-1979,female,left
Arnaldo COLLESELLI,911,Italy,European People's Party,None,Democrazia cristiana ,1979-1984,07-1979,male,centre-right
Emilio COLOMBO,968,Italy,European People's Party,None,Democrazia cristiana ,1979-1984,07-1979,male,centre-right
Roberto COSTANZO,1720,Italy,European People's Party,None,Democrazia cristiana ,1979-1984,07-1979,male,centre-right
Bettino CRAXI,1118,Italy,Socialist Group,None,Partito socialista italiano ,1979-1984,07-1979,male,centre-left
Joachim DALSASS,1087,Italy,European People's Party,None,Südtiroler Volkspartei ,1979-1984,07-1979,male,centre-right
Francescopaolo D'ANGELOSANTE,891,Italy,Communist and Allies Group,None,Partito comunista italiano ,1979-1984,07-1979,male,left
Pancrazio DE PASQUALE,1704,Italy,Communist and Allies Group,None,Partito comunista italiano ,1979-1984,07-1979,male,left
Alfredo DIANA,879,Italy,European People's Party,None,Democrazia cristiana ,1979-1984,07-1979,male,centre-right
Mario DIDO',1699,Italy,Socialist Group,None,Partito socialista italiano ,1979-1984,07-1979,male,centre-left
Guido FANTI,1681,Italy,Communist and Allies Group,None,Partito comunista italiano ,1979-1984,07-1979,male,left
Bruno FERRERO,1675,Italy,Communist and Allies Group,None,Partito comunista italiano ,1979-1984,07-1979,male,left
Mauro FERRI,867,Italy,Socialist Group,None,Partito socialista democratico italiano ,1979-1984,07-1979,male,centre-left
Renzo Eligio FILIPPI,859,Italy,European People's Party,None,Democrazia cristiana ,1979-1984,07-1979,male,centre-right
Paola GAIOTTI DE BIASE,829,Italy,European People's Party,None,Democrazia cristiana ,1979-1984,07-1979,female,centre-right
Carlo Alberto GALLUZZI,1652,Italy,Communist and Allies Group,None,Partito comunista italiano ,1979-1984,07-1979,male,left
Vincenzo GATTO,850,Italy,Socialist Group,None,Partito socialista italiano ,1979-1984,07-1979,male,centre-left
Alberto GHERGO,845,Italy,European People's Party,None,Democrazia cristiana ,1979-1984,07-1979,male,centre-right
Giovanni GIAVAZZI,1646,Italy,European People's Party,None,Democrazia cristiana ,1979-1984,07-1979,male,centre-right
Vincenzo GIUMMARRA,1647,Italy,European People's Party,None,Democrazia cristiana ,1979-1984,07-1979,male,centre-right
Guido GONELLA,841,Italy,European People's Party,None,Democrazia cristiana ,1979-1984,07-1979,male,centre-right
Anselmo GOUTHIER,843,Italy,Communist and Allies Group,None,Partito comunista italiano ,1979-1984,07-1979,male,left
Leonilde IOTTI,785,Italy,Communist and Allies Group,None,Partito comunista italiano ,1979-1984,07-1979,female,left
Felice IPPOLITO,1629,Italy,Communist and Allies Group,None,Indipendenti di sinistra ,1979-1984,07-1979,male,left
Silvio LEGA,792,Italy,European People's Party,None,Democrazia cristiana ,1979-1984,07-1979,male,centre-right
Silvio LEONARDI,270,Italy,Communist and Allies Group,None,Partito comunista italiano ,1979-1984,07-1979,male,left
Pietro LEZZI,312,Italy,Socialist Group,None,Partito socialista italiano ,1979-1984,07-1979,male,centre-left
Giosuè LIGIOS,1605,Italy,European People's Party,None,Democrazia cristiana ,1979-1984,07-1979,male,centre-right
Salvatore LIMA,991,Italy,European People's Party,None,Democrazia cristiana ,1979-1984,07-1979,male,centre-right
Luigi MACARIO,776,Italy,European People's Party,None,Democrazia cristiana ,1979-1984,07-1979,male,centre-right
Marcello MODIANO,769,Italy,European People's Party,None,Democrazia cristiana ,1979-1984,07-1979,male,centre-right
Angelo NARDUCCI,760,Italy,European People's Party,None,Democrazia cristiana ,1979-1984,07-1979,male,centre-right
Flavio ORLANDI,755,Italy,Socialist Group,None,Partito socialista democratico italiano ,1979-1984,07-1979,male,centre-left
Giancarlo PAJETTA,1557,Italy,Communist and Allies Group,None,Partito comunista italiano ,1979-1984,07-1979,male,left
Marco PANNELLA,1002,Italy,Group for the Technical Coordination and Defence of Independent Groups and Members,None,Partito radicale ,1979-1984,07-1979,male,Non aligned
Giovanni PAPAPIETRO,1555,Italy,Communist and Allies Group,None,Partito comunista italiano ,1979-1984,07-1979,male,left
Mario PEDINI,726,Italy,European People's Party,None,Democrazia cristiana ,1979-1984,07-1979,male,centre-right
Jiri PELIKAN,1552,Italy,Socialist Group,None,Partito socialista italiano ,1979-1984,07-1979,male,centre-left
Francesco PETRONIO,1550,Italy,Non-attached Members,None,Movimento sociale italiano - Destra nazionale ,1979-1984,07-1979,male,Non aligned
Flaminio PICCOLI,740,Italy,European People's Party,None,Democrazia cristiana ,1979-1984,07-1979,male,centre-right
Sergio PININFARINA,1544,Italy,Liberal and Democratic Group,None,Partito liberale italiano ,1979-1984,07-1979,male,centre
Ruggero PULETTI,728,Italy,Socialist Group,None,Partito socialista democratico italiano ,1979-1984,07-1979,male,centre-left
Carlo RIPA DI MEANA,717,Italy,Socialist Group,None,Partito socialista italiano ,1979-1984,07-1979,male,centre-left
Pino ROMUALDI,1727,Italy,Non-attached Members,None,Movimento sociale italiano - Destra nazionale ,1979-1984,07-1979,male,Non aligned
Giorgio RUFFOLO,714,Italy,Socialist Group,None,Partito socialista italiano ,1979-1984,07-1979,male,centre-left
Mariano RUMOR,715,Italy,European People's Party,None,Democrazia cristiana ,1979-1984,07-1979,male,centre-right
Mario SASSANO,706,Italy,European People's Party,None,Democrazia cristiana ,1979-1984,07-1979,male,centre-right
Leonardo SCIASCIA,697,Italy,Group for the Technical Coordination and Defence of Independent Groups and Members,None,Partito radicale ,1979-1984,07-1979,male,Non aligned
Sergio Camillo SEGRE,1515,Italy,Communist and Allies Group,None,Partito comunista italiano ,1979-1984,07-1979,male,left
Altiero SPINELLI,1643,Italy,Communist and Allies Group,None,Indipendenti di sinistra ,1979-1984,07-1979,male,left
Vera SQUARCIALUPI,1501,Italy,Communist and Allies Group,None,Indipendenti di sinistra ,1979-1984,07-1979,female,left
Giovanni TRAVAGLINI,682,Italy,European People's Party,None,Democrazia cristiana ,1979-1984,07-1979,male,centre-right
Protogene VERONESI,654,Italy,Communist and Allies Group,None,Partito comunista italiano ,1979-1984,07-1979,male,left
Bruno VISENTINI,1082,Italy,Liberal and Democratic Group,None,Partito repubblicano italiano ,1979-1984,07-1979,male,centre
Benigno ZACCAGNINI,663,Italy,European People's Party,None,Democrazia cristiana ,1979-1984,07-1979,male,centre-right
Mario ZAGARI,1480,Italy,Socialist Group,None,Partito socialista italiano ,1979-1984,07-1979,male,centre-left
Ortensio ZECCHINO,665,Italy,European People's Party,None,Democrazia cristiana ,1979-1984,07-1979,male,centre-right
Giorgio ALMIRANTE,1478,Italy,Group of the European Right,None,Movimento sociale italiano - Destra nazionale ,1984-1989,07-1984,male,right
Giuseppe AMADEI,1790,Italy,Socialist Group,None,Partito socialista democratico italiano ,1984-1989,07-1984,male,centre-left
Dario ANTONIOZZI,1789,Italy,European People's Party,None,Democrazia cristiana ,1984-1989,07-1984,male,centre-right
Gianni BAGET BOZZO,1093,Italy,Socialist Group,None,Partito socialista italiano ,1984-1989,07-1984,male,centre-left
Carla BARBARELLA,1773,Italy,Communist and Allies Group,None,Partito comunista italiano ,1984-1989,07-1984,female,left
Roberto BARZANTI,1135,Italy,Communist and Allies Group,None,Partito comunista italiano ,1984-1989,07-1984,male,left
Giovanni BERSANI,1781,Italy,European People's Party,None,Democrazia cristiana ,1984-1989,07-1984,male,centre-right
Vincenzo BETTIZA,977,Italy,Liberal and Democratic Group,Liberal and Democratic Reformist Group ,Partito liberale italiano ,1984-1989,07-1984,male,centre
Aldo BONACCINI,1770,Italy,Communist and Allies Group,None,Partito comunista italiano ,1984-1989,07-1984,male,left
Emma BONINO,1566,Italy,Non-attached Members,None,Partito radicale ,1984-1989,07-1984,female,Non aligned
Franco BORGO,1012,Italy,European People's Party,None,Democrazia cristiana ,1984-1989,07-1984,male,centre-right
Antonino BUTTAFUOCO,1764,Italy,Group of the European Right,None,Movimento sociale italiano - Destra nazionale ,1984-1989,07-1984,male,right
Angelo CAROSSINO,1730,Italy,Communist and Allies Group,None,Partito comunista italiano ,1984-1989,07-1984,male,left
Carlo CASINI,988,Italy,European People's Party,None,Democrazia cristiana ,1984-1989,07-1984,male,centre-right
Maria Luisa CASSANMAGNAGO CERRETTI,949,Italy,European People's Party,None,Democrazia cristiana ,1984-1989,07-1984,female,centre-right
Luciana CASTELLINA,947,Italy,Rainbow Group,Communist and Allies Group ,Partito comunista italiano ,1984-1989,07-1984,female,centre
Giovanni CERVETTI,1811,Italy,Communist and Allies Group,None,Partito comunista italiano ,1984-1989,07-1984,male,left
Mauro CHIABRANDO,1014,Italy,European People's Party,None,Democrazia cristiana ,1984-1989,07-1984,male,centre-right
Vittorino CHIUSANO,1808,Italy,European People's Party,None,Democrazia cristiana ,1984-1989,07-1984,male,centre-right
Michelangelo CIANCAGLINI,1753,Italy,European People's Party,None,Democrazia cristiana ,1984-1989,07-1984,male,centre-right
Maria Lisa CINCIARI RODANO,1705,Italy,Communist and Allies Group,None,Partito comunista italiano ,1984-1989,07-1984,female,left
Michele COLUMBU,1799,Italy,Rainbow Group,None,Unione Valdostana - Partito sardo d'azione ,1984-1989,07-1984,female,centre
Roberto COSTANZO,1720,Italy,European People's Party,None,Democrazia cristiana ,1984-1989,07-1984,male,centre-right
Joachim DALSASS,1087,Italy,European People's Party,None,Südtiroler Volkspartei ,1984-1989,07-1984,male,centre-right
Luigi Ciriaco DE MITA,1746,Italy,European People's Party,None,Democrazia cristiana ,1984-1989,07-1984,male,centre-right
Pancrazio DE PASQUALE,1704,Italy,Communist and Allies Group,None,Partito comunista italiano ,1984-1989,07-1984,male,left
Mario DI BARTOLOMEI,1698,Italy,Liberal and Democratic Group,Liberal and Democratic Reformist Group ,Partito repubblicano italiano ,1984-1989,07-1984,male,centre
Mario DIDO',1699,Italy,Socialist Group,None,Partito socialista italiano ,1984-1989,07-1984,male,centre-left
Sergio ERCINI,1683,Italy,European People's Party,None,Democrazia cristiana ,1984-1989,07-1984,male,centre-right
Guido FANTI,1681,Italy,Communist and Allies Group,None,Partito comunista italiano ,1984-1989,07-1984,male,left
Roberto FORMIGONI,1110,Italy,European People's Party,None,Democrazia cristiana ,1984-1989,07-1984,male,centre-right
Gerardo GAIBISSO,1009,Italy,European People's Party,None,Democrazia cristiana ,1984-1989,07-1984,male,centre-right
Carlo Alberto GALLUZZI,1652,Italy,Communist and Allies Group,None,Partito comunista italiano ,1984-1989,07-1984,male,left
Natalino GATTI,1666,Italy,Communist and Allies Group,None,Partito comunista italiano ,1984-1989,07-1984,male,left
Jas GAWRONSKI,1113,Italy,Liberal and Democratic Group,Liberal and Democratic Reformist Group ,Partito repubblicano italiano ,1984-1989,07-1984,male,centre
Giovanni GIAVAZZI,1646,Italy,European People's Party,None,Democrazia cristiana ,1984-1989,07-1984,male,centre-right
Vincenzo GIUMMARRA,1647,Italy,European People's Party,None,Democrazia cristiana ,1984-1989,07-1984,male,centre-right
Anselmo GUARRACI,1655,Italy,Socialist Group,None,Partito socialista italiano ,1984-1989,07-1984,male,centre-left
Antonio IODICE,969,Italy,European People's Party,None,Democrazia cristiana ,1984-1989,07-1984,male,centre-right
Felice IPPOLITO,1629,Italy,Communist and Allies Group,Liberal and Democratic Reformist Group ,Indipendenti di sinistra ,1984-1989,07-1984,male,left
Giosuè LIGIOS,1605,Italy,European People's Party,None,Democrazia cristiana ,1984-1989,07-1984,male,centre-right
Salvatore LIMA,991,Italy,European People's Party,None,Democrazia cristiana ,1984-1989,07-1984,male,centre-right
Francesca MARINARO,1597,Italy,Communist and Allies Group,None,Partito comunista italiano ,1984-1989,07-1984,female,left
Claudio MARTELLI,1602,Italy,Socialist Group,None,Partito socialista italiano ,1984-1989,07-1984,male,centre-left
Renato MASSARI,1793,Italy,Socialist Group,None,Partito socialista democratico italiano ,1984-1989,07-1984,male,centre-left
Vincenzo MATTINA,1011,Italy,Socialist Group,None,Partito socialista italiano ,1984-1989,07-1984,male,centre-left
Alberto MICHELINI,971,Italy,European People's Party,None,Democrazia cristiana ,1984-1989,07-1984,male,centre-right
Alfeo MIZZAU,1595,Italy,European People's Party,None,Democrazia cristiana ,1984-1989,07-1984,male,centre-right
Emilio MOLINARI,1615,Italy,Rainbow Group,None,Democrazia proletaria ,1984-1989,07-1984,male,centre
Alberto MORAVIA,1596,Italy,Communist and Allies Group,None,Partito comunista italiano ,1984-1989,07-1984,male,left
Giovanni MORONI,1594,Italy,Socialist Group,None,Partito socialista democratico italiano ,1984-1989,07-1984,male,centre-left
Alessandro NATTA,1582,Italy,Communist and Allies Group,None,Partito comunista italiano ,1984-1989,07-1984,male,left
Diego NOVELLI,1674,Italy,Communist and Allies Group,None,Partito comunista italiano ,1984-1989,07-1984,male,left
Giancarlo PAJETTA,1557,Italy,Communist and Allies Group,None,Partito comunista italiano ,1984-1989,07-1984,male,left
Marco PANNELLA,1002,Italy,Non-attached Members,Technical Coordination and Defence of Independent Groups and Members ,Partito radicale ,1984-1989,07-1984,male,Non aligned
Giovanni PAPAPIETRO,1555,Italy,Communist and Allies Group,None,Partito comunista italiano ,1984-1989,07-1984,male,left
Eolo PARODI,233,Italy,European People's Party,None,Democrazia cristiana ,1984-1989,07-1984,male,centre-right
Jiri PELIKAN,1552,Italy,Socialist Group,None,Partito socialista italiano ,1984-1989,07-1984,male,centre-left
Francesco PETRONIO,1550,Italy,Group of the European Right,None,Movimento sociale italiano - Destra nazionale ,1984-1989,07-1984,male,right
Sergio PININFARINA,1544,Italy,Liberal and Democratic Group,Liberal and Democratic Reformist Group ,Partito liberale italiano ,1984-1989,07-1984,male,centre
Ferruccio PISONI,1003,Italy,European People's Party,None,Democrazia cristiana ,1984-1989,07-1984,male,centre-right
Nino PISONI,983,Italy,European People's Party,None,Democrazia cristiana ,1984-1989,07-1984,male,centre-right
Mario POMILIO,1559,Italy,European People's Party,None,Democrazia cristiana ,1984-1989,07-1984,male,centre-right
Andrea RAGGIO,1004,Italy,Communist and Allies Group,None,Partito comunista italiano ,1984-1989,07-1984,female,left
Alfredo REICHLIN,1532,Italy,Communist and Allies Group,None,Partito comunista italiano ,1984-1989,07-1984,male,left
Mario RIGO,1536,Italy,Socialist Group,None,Partito socialista italiano ,1984-1989,07-1984,male,centre-left
Rosario ROMEO,1718,Italy,Liberal and Democratic Group,Liberal and Democratic Reformist Group ,Partito repubblicano italiano ,1984-1989,07-1984,male,centre
Pino ROMUALDI,1727,Italy,Group of the European Right,None,Movimento sociale italiano - Destra nazionale ,1984-1989,07-1984,male,right
Giorgio ROSSETTI,1006,Italy,Communist and Allies Group,None,Partito comunista italiano ,1984-1989,07-1984,male,left
Giuseppe SCHIAVINATO,1525,Italy,Liberal and Democratic Reformist Group,None,Partito repubblicano italiano ,1984-1989,07-1988,male,centre
Sergio Camillo SEGRE,1515,Italy,Communist and Allies Group,None,Partito comunista italiano ,1984-1989,07-1984,male,left
Gustavo SELVA,1524,Italy,European People's Party,None,Democrazia cristiana ,1984-1989,07-1984,male,centre-right
Altiero SPINELLI,1643,Italy,Communist and Allies Group,None,Indipendenti di sinistra ,1984-1989,07-1984,male,left
Vera SQUARCIALUPI,1501,Italy,Communist and Allies Group,None,Indipendenti di sinistra ,1984-1989,07-1984,female,left
Giovanni STARITA,1523,Italy,European People's Party,None,Democrazia cristiana ,1984-1989,07-1984,male,centre-right
Carlo TOGNOLI,1771,Italy,Socialist Group,None,Partito socialista italiano ,1984-1989,07-1984,male,centre-left
Enzo TORTORA,1724,Italy,Non-attached Members,None,Partito radicale ,1984-1989,07-1984,male,Non aligned
Antonino TRIPODI,1729,Italy,Group of the European Right,None,Movimento sociale italiano - Destra nazionale ,1984-1989,07-1984,male,right
Renzo TRIVELLI,1081,Italy,Communist and Allies Group,None,Partito comunista italiano ,1984-1989,07-1984,male,left
Osvalda TRUPIA,1497,Italy,Communist and Allies Group,None,Partito comunista italiano ,1984-1989,07-1984,female,left
Maurizio VALENZI,1495,Italy,Communist and Allies Group,None,Partito comunista italiano ,1984-1989,07-1984,male,left
Mario ZAGARI,1480,Italy,Socialist Group,None,Partito socialista italiano ,1984-1989,07-1984,male,centre-left
Maria Adelaide AGLIETTA,1114,Italy,The Green Group in the European Parliament,None,Verdi Arcobaleno ,1989-1994,07-1989,female,centre-left
Gianfranco AMENDOLA,1134,Italy,The Green Group in the European Parliament,None,Verdi Europa ,1989-1994,07-1989,male,centre-left
Gianni BAGET BOZZO,1093,Italy,Socialist Group,Socialist Group,Partito socialista italiano ,1989-1994,07-1989,male,centre-left
Roberto BARZANTI,1135,Italy,Group for the European United Left,Socialist Group,Partito comunista italiano ,1989-1994,07-1989,male,left
Vincenzo BETTIZA,977,Italy,Socialist Group,Socialist Group,Partito socialista italiano ,1989-1994,07-1989,male,centre-left
Rosaria BINDI,1115,Italy,European People's Party,None,Democrazia cristiana ,1989-1994,07-1989,female,centre-right
Andrea BONETTI,1136,Italy,European People's Party,None,Democrazia cristiana ,1989-1994,07-1989,female,centre-right
Rinaldo BONTEMPI,1020,Italy,Group for the European United Left,Socialist Group,Partito comunista italiano ,1989-1994,07-1989,male,left
Franco BORGO,1012,Italy,European People's Party,None,Democrazia cristiana ,1989-1994,07-1989,male,centre-right
Antonio CARIGLIA,1013,Italy,Socialist Group,Socialist Group,Partito socialista democratico italiano ,1989-1994,07-1989,male,centre-left
Pierre CARNITI,1085,Italy,Socialist Group,Socialist Group,Partito socialista italiano ,1989-1994,07-1989,male,centre-left
Carlo CASINI,988,Italy,European People's Party,None,Democrazia cristiana ,1989-1994,07-1989,male,centre-right
Maria Luisa CASSANMAGNAGO CERRETTI,949,Italy,European People's Party,None,Democrazia cristiana ,1989-1994,07-1989,female,centre-right
Luciana CASTELLINA,947,Italy,Group for the European United Left,None,Partito comunista italiano ,1989-1994,07-1989,female,left
Anna CATASTA,1116,Italy,Group for the European United Left,Socialist Group,Partito comunista italiano ,1989-1994,07-1989,female,left
Adriana CECI,993,Italy,Group for the European United Left,Socialist Group,Partito comunista italiano ,1989-1994,07-1989,female,left
Mauro CHIABRANDO,1014,Italy,European People's Party,None,Democrazia cristiana ,1989-1994,07-1989,male,centre-right
Luigi Alberto COLAJANNI,1137,Italy,Group for the European United Left,Socialist Group,Partito comunista italiano ,1989-1994,07-1989,male,left
Emilio COLOMBO,968,Italy,European People's Party,None,Democrazia cristiana ,1989-1994,07-1989,male,centre-right
Felice CONTU,1086,Italy,European People's Party,None,Democrazia cristiana ,1989-1994,07-1989,male,centre-right
Francesco CORLEONE,996,Italy,The Green Group in the European Parliament,None,Verdi Arcobaleno ,1989-1994,07-1989,male,centre-left
Bettino CRAXI,1118,Italy,Socialist Group,None,Partito socialista italiano ,1989-1994,07-1989,male,centre-left
Joachim DALSASS,1087,Italy,European People's Party,None,Südtiroler Volkspartei ,1989-1994,07-1989,male,centre-right
Biagio DE GIOVANNI,1130,Italy,Group for the European United Left,Socialist Group,Partito comunista italiano ,1989-1994,07-1989,male,left
Cesare DE PICCOLI,1131,Italy,Group for the European United Left,Socialist Group,Partito comunista italiano ,1989-1994,07-1989,male,left
Lorenzo DE VITTO,1088,Italy,European People's Party,None,Democrazia cristiana ,1989-1994,07-1989,male,centre-right
Maurice DUVERGER,1015,Italy,Group for the European United Left,Socialist Group,Partito comunista italiano ,1989-1994,07-1989,male,left
Enrico FALQUI,1132,Italy,The Green Group in the European Parliament,None,Verdi Europa ,1989-1994,07-1989,male,centre-left
Antonio FANTINI,1117,Italy,European People's Party,None,Democrazia cristiana ,1989-1994,07-1989,male,centre-right
Giulio FANTUZZI,1109,Italy,Group for the European United Left,Socialist Group,Partito comunista italiano ,1989-1994,07-1989,male,left
Giuliano FERRARA,989,Italy,Socialist Group,Socialist Group,Partito socialista italiano ,1989-1994,07-1989,male,centre-left
Enrico FERRI,990,Italy,Socialist Group,Socialist Group,Partito socialista democratico italiano ,1989-1994,07-1989,male,centre-left
Gianfranco FINI,1007,Italy,Non-attached Members,None,Movimento sociale italiano - Destra nazionale ,1989-1994,07-1989,male,Non aligned
Arnaldo FORLANI,1008,Italy,European People's Party,None,Democrazia cristiana ,1989-1994,07-1989,male,centre-right
Roberto FORMIGONI,1110,Italy,European People's Party,None,Democrazia cristiana ,1989-1994,07-1989,male,centre-right
Mario FORTE,1111,Italy,European People's Party,None,Democrazia cristiana ,1989-1994,07-1989,male,centre-right
Gerardo GAIBISSO,1009,Italy,European People's Party,None,Democrazia cristiana ,1989-1994,07-1989,male,centre-right
Giulio Cesare GALLENZI,1112,Italy,European People's Party,None,Democrazia cristiana ,1989-1994,07-1989,male,centre-right
Jas GAWRONSKI,1113,Italy,Liberal and Democratic Reformist Group,None,Polo laico ,1989-1994,07-1989,male,centre
Giovanni GORIA,1104,Italy,European People's Party,None,Democrazia cristiana ,1989-1994,07-1989,male,centre-right
Francesco GUIDOLIN,1089,Italy,European People's Party,None,Democrazia cristiana ,1989-1994,07-1989,male,centre-right
Franco IACONO,1105,Italy,Socialist Group,Socialist Group,Partito socialista italiano ,1989-1994,07-1989,male,centre-left
Renzo IMBENI,1106,Italy,Group for the European United Left,Socialist Group,Partito comunista italiano ,1989-1994,07-1989,male,left
Antonio IODICE,969,Italy,European People's Party,None,Democrazia cristiana ,1989-1994,07-1989,male,centre-right
Lelio LAGORIO,970,Italy,Socialist Group,Socialist Group,Partito socialista italiano ,1989-1994,07-1989,male,centre-left
Giorgio LA MALFA,1010,Italy,Liberal and Democratic Reformist Group,None,Partito repubblicano italiano ,1989-1994,07-1989,male,centre
Alexander LANGER,1107,Italy,The Green Group in the European Parliament,None,Verdi Europa ,1989-1994,07-1989,male,centre-left
Antonio LA PERGOLA,1108,Italy,Socialist Group,Socialist Group,Partito socialista italiano ,1989-1994,07-1989,male,centre-left
Nereo LARONI,1099,Italy,Socialist Group,Socialist Group,Partito socialista italiano ,1989-1994,07-1989,male,centre-left
Salvatore LIMA,991,Italy,European People's Party,None,Democrazia cristiana ,1989-1994,07-1989,male,centre-right
Calogero LO GIUDICE,982,Italy,European People's Party,None,Democrazia cristiana ,1989-1994,07-1989,male,centre-right
Maria MAGNANI NOYA,994,Italy,Socialist Group,None,Partito socialista italiano ,1989-1994,07-1989,female,centre-left
Vincenzo MATTINA,1011,Italy,Socialist Group,Socialist Group,Partito socialista italiano ,1989-1994,07-1989,male,centre-left
Eugenio MELANDRI,1080,Italy,The Green Group in the European Parliament,None,Democrazia proletaria ,1989-1994,07-1989,male,centre-left
Mario MELIS,1100,Italy,Rainbow Group,None,Unione Valdostana - Partito sardo d'azione ,1989-1994,07-1989,male,centre
Alberto MICHELINI,971,Italy,European People's Party,None,Democrazia cristiana ,1989-1994,07-1989,male,centre-right
Luigi MORETTI,1101,Italy,Rainbow Group,None,Lega lombarda ,1989-1994,07-1989,male,centre
Giuseppe MOTTOLA,1102,Italy,European People's Party,None,Democrazia cristiana ,1989-1994,07-1989,male,centre-right
Cristiana MUSCARDINI,1073,Italy,Non-attached Members,None,Movimento sociale italiano - Destra nazionale ,1989-1994,07-1989,female,Non aligned
Pasqualina NAPOLETANO,1065,Italy,Group for the European United Left,Socialist Group,Partito comunista italiano ,1989-1994,07-1989,female,left
Giorgio NAPOLITANO,1103,Italy,Group for the European United Left,None,Partito comunista italiano ,1989-1994,07-1989,male,left
Achille OCCHETTO,1094,Italy,Group for the European United Left,Socialist Group,Partito comunista italiano ,1989-1994,07-1989,male,left
Marco PANNELLA,1002,Italy,Non-attached Members,None,Polo laico ,1989-1994,07-1989,male,Non aligned
Ferruccio PISONI,1003,Italy,European People's Party,None,Democrazia cristiana ,1989-1994,07-1989,male,centre-right
Nino PISONI,983,Italy,European People's Party,None,Democrazia cristiana ,1989-1994,07-1989,male,centre-right
Giacomo PORRAZZINI,1095,Italy,Group for the European United Left,Socialist Group,Partito comunista italiano ,1989-1994,07-1989,male,left
Andrea RAGGIO,1004,Italy,Group for the European United Left,None,Partito comunista italiano ,1989-1994,07-1989,female,left
Giuseppe RAUTI,1005,Italy,Non-attached Members,None,Movimento sociale italiano - Destra nazionale ,1989-1994,07-1989,male,Non aligned
Tullio Eugenio REGGE,1096,Italy,Group for the European United Left,Socialist Group,Partito comunista italiano ,1989-1994,07-1989,male,left
Edoardo RONCHI,1097,Italy,The Green Group in the European Parliament,None,Verdi Arcobaleno ,1989-1994,07-1989,male,centre-left
Giorgio ROSSETTI,1006,Italy,Group for the European United Left,Socialist Group,Partito comunista italiano ,1989-1994,07-1989,male,left
Mario Giovanni Guerriero RUFFINI,1098,Italy,European People's Party,None,Democrazia cristiana ,1989-1994,07-1989,male,centre-right
Gabriele SBOARINA,1090,Italy,European People's Party,None,Democrazia cristiana ,1989-1994,07-1989,male,centre-right
Roberto SPECIALE,1091,Italy,Group for the European United Left,None,Partito comunista italiano ,1989-1994,07-1989,male,left
Francesco Enrico SPERONI,997,Italy,Rainbow Group,Non-attached Members,Lega lombarda ,1989-1994,07-1989,male,centre
Marco TARADASH,998,Italy,The Green Group in the European Parliament,Non-attached Members,Lega antiproibizionisti droga ,1989-1994,07-1989,male,centre-left
Giuseppe TATARELLA,963,Italy,Non-attached Members,None,Movimento sociale italiano - Destra nazionale ,1989-1994,07-1989,male,Non aligned
Renzo TRIVELLI,1081,Italy,Group for the European United Left,Socialist Group,Partito comunista italiano ,1989-1994,07-1989,male,left
Dacia VALENT,1066,Italy,Group for the European United Left,Non-attached Members,Partito comunista italiano ,1989-1994,07-1989,female,left
Luciano VECCHI,1092,Italy,Group for the European United Left,Socialist Group,Partito comunista italiano ,1989-1994,07-1989,male,left
Luigi VERTEMATI,995,Italy,Socialist Group,Socialist Group,Partito socialista italiano ,1989-1994,07-1989,male,centre-left
Bruno VISENTINI,1082,Italy,Liberal and Democratic Reformist Group,None,Partito repubblicano italiano ,1989-1994,07-1989,male,centre
Maria Adelaide AGLIETTA,1114,Italy,The Green Group in the European Parliament,None,Federazione dei Verdi ,1994-1999,07-1994,female,centre-left
Amedeo AMADEO,2035,Italy,Non-attached Members,None,Alleanza nazionale ,1994-1999,07-1994,male,Non aligned
Roberta ANGELILLI,1941,Italy,Non-attached Members,None,Alleanza nazionale ,1994-1999,07-1994,female,Non aligned
Aldo ARRONI,2033,Italy,Forza Europa Group,Group Union for Europe ,Forza Italia ,1994-1999,07-1994,male,centre-right
Corrado AUGIAS,2136,Italy,Socialist Group,None,Partito democratico della sinistra ,1994-1999,07-1994,male,centre-left
Claudio AZZOLINI,2140,Italy,Forza Europa Group,Group Union for Europe ,Forza Italia ,1994-1999,07-1994,male,centre-right
Francesco BALDARELLI,1939,Italy,Socialist Group,None,Partito democratico della sinistra ,1994-1999,07-1994,male,centre-left
Monica Stefania BALDI,2131,Italy,Forza Europa Group,Group Union for Europe ,Forza Italia ,1994-1999,07-1994,female,centre-right
Valerio BALDINI,2090,Italy,Forza Europa Group,Group Union for Europe ,Forza Italia ,1994-1999,07-1994,male,centre-right
Roberto BARZANTI,1135,Italy,Socialist Group,None,Partito democratico della sinistra ,1994-1999,07-1994,male,centre-left
Spalato BELLERE',2134,Italy,Non-attached Members,None,Alleanza nazionale ,1994-1999,07-1994,male,Non aligned
Fausto BERTINOTTI,2023,Italy,Confederal Group of the European United Left,Confederal Group of the European United Left/Nordic Green Left ,Rifondazione comunista ,1994-1999,07-1994,male,left
Gerardo BIANCO,2143,Italy,European People's Party,None,Partito popolare italiano ,1994-1999,07-1994,male,centre-right
Gian Piero BONIPERTI,2034,Italy,Forza Europa Group,Group Union for Europe ,Forza Italia ,1994-1999,07-1994,male,centre-right
Rinaldo BONTEMPI,1020,Italy,Socialist Group,None,Partito democratico della sinistra ,1994-1999,07-1994,male,centre-left
Umberto BOSSI,2036,Italy,"Group of the European Liberal, Democrat and Reform Party",Non-attached Members,Lega Nord per l'indipendenza della Padania ,1994-1999,07-1994,male,centre
Giovanni M.S. BURTONE,1953,Italy,European People's Party,None,Partito popolare italiano ,1994-1999,07-1994,male,centre-right
Ernesto CACCAVALE,2141,Italy,Forza Europa Group,Group Union for Europe ,Forza Italia ,1994-1999,07-1994,male,centre-right
Luigi CALIGARIS,2085,Italy,Forza Europa Group,Group Union for Europe ,Forza Italia ,1994-1999,07-1994,male,centre-right
Pierre CARNITI,1085,Italy,Socialist Group,None,Partito democratico della sinistra ,1994-1999,07-1994,male,centre-left
Carlo CASINI,988,Italy,European People's Party,None,Partito popolare italiano ,1994-1999,07-1994,male,centre-right
Pier Ferdinando CASINI,2189,Italy,Forza Europa Group,Group Union for Europe ,Centro cristiano democratico ,1994-1999,07-1994,male,centre-right
Pierluigi CASTAGNETTI,2102,Italy,European People's Party,None,Partito popolare italiano ,1994-1999,07-1994,male,centre-right
Luciana CASTELLINA,947,Italy,Confederal Group of the European United Left,Confederal Group of the European United Left/Nordic Green Left ,Rifondazione comunista ,1994-1999,07-1994,female,left
Marco CELLAI,1809,Italy,Non-attached Members,None,Alleanza nazionale ,1994-1999,07-1994,male,Non aligned
Luigi Alberto COLAJANNI,1137,Italy,Socialist Group,None,Partito democratico della sinistra ,1994-1999,07-1994,male,centre-left
Ombretta COLLI,2195,Italy,Forza Europa Group,Group Union for Europe ,Forza Italia ,1994-1999,07-1994,female,centre-right
Maria Paola COLOMBO SVEVO,2051,Italy,European People's Party,None,Partito popolare italiano ,1994-1999,07-1994,female,centre-right
Giampaolo V.E. D'ANDREA,2144,Italy,European People's Party,None,Partito popolare italiano ,1994-1999,07-1994,male,centre-right
Alessandro DANESIN,2250,Italy,Forza Europa Group,Group Union for Europe ,Forza Italia ,1994-1999,07-1994,male,centre-right
Biagio DE GIOVANNI,1130,Italy,Socialist Group,None,Partito democratico della sinistra ,1994-1999,07-1994,male,centre-left
Gianfranco DELL'ALBA,2043,Italy,Group of the European Radical Alliance,None,Pannella-Riformatori ,1994-1999,07-1994,male,centre
Stefano DE LUCA,2198,Italy,Forza Europa Group,None,Forza Italia ,1994-1999,07-1994,male,centre-right
Pietro Antonio DI PRIMA,2193,Italy,Forza Europa Group,Group Union for Europe ,Forza Italia ,1994-1999,07-1994,male,centre-right
Michl EBNER,2075,Italy,European People's Party,None,Südtiroler Volkspartei ,1994-1999,07-1994,male,centre-right
Giulio FANTUZZI,1109,Italy,Socialist Group,None,Partito democratico della sinistra ,1994-1999,07-1994,male,centre-left
Gipo FARASSINO,2039,Italy,"Group of the European Liberal, Democrat and Reform Party",Non-attached Members,Lega Nord per l'indipendenza della Padania ,1994-1999,07-1994,male,centre
Raimondo FASSA,1954,Italy,"Group of the European Liberal, Democrat and Reform Party",None,Lega Nord per l'indipendenza della Padania ,1994-1999,07-1994,male,centre
Enrico FERRI,990,Italy,Non-attached Members,Forza Europa Group ,Partito socialista democratico italiano ,1994-1999,07-1994,male,Non aligned
Livio FILIPPI,2094,Italy,European People's Party,None,Patto Segni ,1994-1999,07-1994,male,centre-right
Gianfranco FINI,1007,Italy,Non-attached Members,None,Alleanza nazionale ,1994-1999,07-1994,male,Non aligned
Luigi Andrea FLORIO,2248,Italy,Forza Europa Group,Group Union for Europe ,Forza Italia ,1994-1999,07-1994,male,centre-right
Alessandro FONTANA,2042,Italy,Forza Europa Group,None,Centro cristiano democratico ,1994-1999,07-1994,male,centre-right
Marco FORMENTINI,2038,Italy,"Group of the European Liberal, Democrat and Reform Party",Non-attached Members,Lega Nord per l'indipendenza della Padania ,1994-1999,07-1994,male,centre
Riccardo GAROSCI,2196,Italy,Forza Europa Group,Group Union for Europe ,Forza Italia ,1994-1999,07-1994,male,centre-right
Fiorella GHILARDOTTI,2024,Italy,Socialist Group,None,Partito democratico della sinistra ,1994-1999,07-1994,female,centre-left
Antonio GRAZIANI,1958,Italy,European People's Party,None,Partito popolare italiano ,1994-1999,07-1994,male,centre-right
Renzo IMBENI,1106,Italy,Socialist Group,None,Partito democratico della sinistra ,1994-1999,07-1994,male,centre-left
Giorgio LA MALFA,1010,Italy,"Group of the European Liberal, Democrat and Reform Party",None,Partito repubblicano italiano ,1994-1999,07-1994,male,centre
Alexander LANGER,1107,Italy,The Green Group in the European Parliament,None,Federazione dei Verdi ,1994-1999,07-1994,male,centre-left
Giacomo LEOPARDI,2253,Italy,Forza Europa Group,Group Union for Europe ,Forza Italia ,1994-1999,07-1994,male,centre-right
Giancarlo LIGABUE,2251,Italy,Forza Europa Group,Group Union for Europe ,Forza Italia ,1994-1999,07-1994,male,centre-right
Franco E. MALERBA,2249,Italy,Forza Europa Group,Group Union for Europe ,Forza Italia ,1994-1999,07-1994,male,centre-right
Lucio MANISCO,2074,Italy,Confederal Group of the European United Left,Confederal Group of the European United Left/Nordic Green Left ,Rifondazione comunista ,1994-1999,07-1994,male,left
Andrea MANZELLA,2113,Italy,Socialist Group,None,Partito democratico della sinistra ,1994-1999,07-1994,female,centre-left
Marilena MARIN,2078,Italy,"Group of the European Liberal, Democrat and Reform Party",Forza Europa Group ,Lega Nord per l'indipendenza della Padania ,1994-1999,07-1994,female,centre
Elena MARINUCCI,2142,Italy,Socialist Group,None,Partito socialista italiano ,1994-1999,07-1994,female,centre-left
Alfonso Luigi MARRA,2191,Italy,Forza Europa Group,Group Union for Europe ,Forza Italia ,1994-1999,07-1994,male,centre-right
Roberto MEZZAROMA,2254,Italy,Forza Europa Group,Group Union for Europe ,Forza Italia ,1994-1999,07-1994,male,centre-right
Enrico MONTESANO,1940,Italy,Socialist Group,None,Partito democratico della sinistra ,1994-1999,07-1994,male,centre-left
Luigi MORETTI,1101,Italy,"Group of the European Liberal, Democrat and Reform Party",None,Lega Nord per l'indipendenza della Padania ,1994-1999,07-1994,male,centre
Cristiana MUSCARDINI,1073,Italy,Non-attached Members,None,Alleanza nazionale ,1994-1999,07-1994,female,Non aligned
Sebastiano (Nello) MUSUMECI,1944,Italy,Non-attached Members,None,Alleanza nazionale ,1994-1999,07-1994,male,Non aligned
Riccardo NENCINI,2132,Italy,Socialist Group,None,Partito socialista italiano ,1994-1999,07-1994,male,centre-left
Achille OCCHETTO,1094,Italy,Socialist Group,None,Partito democratico della sinistra ,1994-1999,07-1994,male,centre-left
Leoluca ORLANDO,2152,Italy,The Green Group in the European Parliament,None,La Rete movimento democratico ,1994-1999,07-1994,male,centre-left
Marco PANNELLA,1002,Italy,Group of the European Radical Alliance,None,Pannella-Riformatori ,1994-1999,07-1994,male,centre
Gastone PARIGI,1943,Italy,Non-attached Members,None,Alleanza nazionale ,1994-1999,07-1994,male,Non aligned
Eolo PARODI,233,Italy,Forza Europa Group,None,Forza Italia ,1994-1999,07-1994,male,centre-right
Luciano PETTINARI,2133,Italy,Confederal Group of the European United Left,Confederal Group of the European United Left/Nordic Green Left ,Rifondazione comunista ,1994-1999,07-1994,male,left
Guido PODESTÀ,2046,Italy,Forza Europa Group,None,Forza Italia ,1994-1999,07-1994,male,centre-right
Danilo POGGIOLINI,2029,Italy,European People's Party,None,Patto Segni ,1994-1999,07-1994,male,centre-right
Giuseppe RAUTI,1005,Italy,Non-attached Members,None,Movimento sociale italiano ,1994-1999,07-1994,male,Non aligned
Carlo RIPA DI MEANA,717,Italy,The Green Group in the European Parliament,Confederal Group of the European United Left/Nordic Green Left ,Federazione dei Verdi ,1994-1999,07-1994,male,centre-left
Giorgio RUFFOLO,714,Italy,Socialist Group,None,Indipendenti di sinistra ,1994-1999,07-1994,male,centre-left
Giacomo SANTINI,2252,Italy,Forza Europa Group,None,Forza Italia ,1994-1999,07-1994,male,centre-right
Umberto SCAPAGNINI,2194,Italy,Forza Europa Group,None,Forza Italia ,1994-1999,07-1994,male,centre-right
Carlo SECCHI,2050,Italy,European People's Party,None,Partito popolare italiano ,1994-1999,07-1994,male,centre-right
Mariotto SEGNI,2027,Italy,European People's Party,None,Patto Segni ,1994-1999,07-1994,male,centre-right
Roberto SPECIALE,1091,Italy,Socialist Group,None,Partito democratico della sinistra ,1994-1999,07-1994,male,centre-left
Antonio TAJANI,2187,Italy,Forza Europa Group,Group Union for Europe ,Forza Italia ,1994-1999,07-1994,male,centre-right
Gianni TAMINO,2258,Italy,The Green Group in the European Parliament,None,Federazione dei Verdi ,1994-1999,07-1995,male,centre-left
Salvatore TATARELLA,1945,Italy,Non-attached Members,None,Alleanza nazionale ,1994-1999,07-1994,male,Non aligned
Luisa TODINI,2255,Italy,Forza Europa Group,Group Union for Europe ,Forza Italia ,1994-1999,07-1994,female,centre-right
Antonio Michele TRIZZA,1951,Italy,Non-attached Members,None,Alleanza nazionale ,1994-1999,07-1994,male,Non aligned
Luciano VECCHI,1092,Italy,Socialist Group,None,Partito democratico della sinistra ,1994-1999,07-1994,male,centre-left
Guido VICECONTE,2197,Italy,Forza Europa Group,Group Union for Europe ,Forza Italia ,1994-1999,07-1994,male,centre-right
Luigi VINCI,1957,Italy,Confederal Group of the European United Left,Confederal Group of the European United Left/Nordic Green Left ,Rifondazione comunista ,1994-1999,07-1994,male,left
Roberta ANGELILLI,1941,Italy,Non-attached Members,Union for Europe of the Nations Group ,Alleanza nazionale ,1999-2004,07-1999,female,Non aligned
Sergio BERLATO,4746,Italy,Non-attached Members,Union for Europe of the Nations Group ,Alleanza nazionale ,1999-2004,07-1999,male,Non aligned
Silvio BERLUSCONI,4391,Italy,European People's Party,None,Forza Italia ,1999-2004,07-1999,male,centre-right
Fausto BERTINOTTI,2023,Italy,Confederal Group of the European United Left/Nordic Green Left,None,Partito della rifondazione comunista ,1999-2004,07-1999,male,left
Roberto Felice BIGLIARDO,4468,Italy,Technical Group of Independent Members,Union for Europe of the Nations Group ,Movimento sociale fiamma tricolore ,1999-2004,07-1999,male,Non aligned
Guido BODRATO,4399,Italy,European People's Party,None,Partito popolare italiano ,1999-2004,07-1999,male,centre-right
Emma BONINO,1566,Italy,Technical Group of Independent Members,Non-attached Members,Lista Emma Bonino ,1999-2004,07-1999,female,Non aligned
Enrico BOSELLI,4458,Italy,Socialist Group,None,Socialisti democratici italiani ,1999-2004,07-1999,male,centre-left
Umberto BOSSI,2036,Italy,Technical Group of Independent Members,None,Lega Nord per l'indipendenza della Padania ,1999-2004,07-1999,male,Non aligned
Giuseppe BRIENZA,21905,Italy,European People's Party,None,Centro cristiano democratico ,1999-2004,07-2001,male,centre-right
Renato BRUNETTA,4422,Italy,European People's Party,None,Forza Italia ,1999-2004,07-1999,male,centre-right
Rocco BUTTIGLIONE,4407,Italy,European People's Party,None,Cristiani democratici uniti ,1999-2004,07-1999,male,centre-right
Massimo CACCIARI,4405,Italy,"Group of the European Liberal, Democrat and Reform Party",None,I Democratici ,1999-2004,07-1999,male,centre
Marco CAPPATO,4740,Italy,Technical Group of Independent Members,Non-attached Members,Lista Emma Bonino ,1999-2004,07-1999,male,Non aligned
Massimo CARRARO,4417,Italy,Socialist Group,None,Democratici di Sinistra ,1999-2004,07-1999,male,centre-left
Pier Ferdinando CASINI,2189,Italy,European People's Party,None,Centro cristiano democratico ,1999-2004,07-1999,male,centre-right
Giorgio CELLI,4400,Italy,Group of the Greens/European Free Alliance,None,Federazione dei Verdi ,1999-2004,07-1999,male,centre-left
Luigi CESARO,4563,Italy,European People's Party,None,Forza Italia ,1999-2004,07-1999,male,centre-right
Luigi COCILOVO,4470,Italy,European People's Party,None,Partito popolare italiano ,1999-2004,07-1999,male,centre-right
Armando COSSUTTA,4401,Italy,Confederal Group of the European United Left/Nordic Green Left,None,Partito dei Comunisti Italiani ,1999-2004,07-1999,male,left
Paolo COSTA,4747,Italy,"Group of the European Liberal, Democrat and Reform Party",None,I Democratici ,1999-2004,07-1999,male,centre
Raffaele COSTA,4392,Italy,European People's Party,None,Forza Italia ,1999-2004,07-1999,male,centre-right
Gianfranco DELL'ALBA,2043,Italy,Technical Group of Independent Members,None,Lista Emma Bonino ,1999-2004,07-1999,male,Non aligned
Benedetto DELLA VEDOVA,4739,Italy,Technical Group of Independent Members,Non-attached Members,Lista Emma Bonino ,1999-2004,07-1999,male,Non aligned
Marcello DELL'UTRI,4394,Italy,European People's Party,None,Forza Italia ,1999-2004,07-1999,male,centre-right
Luigi Ciriaco DE MITA,1746,Italy,European People's Party,None,Partito popolare italiano ,1999-2004,07-1999,male,centre-right
Giuseppe DI LELLO FINUOLI,4464,Italy,Confederal Group of the European United Left/Nordic Green Left,None,Partito della rifondazione comunista ,1999-2004,07-1999,male,left
Antonio DI PIETRO,4404,Italy,"Group of the European Liberal, Democrat and Reform Party",None,I Democratici ,1999-2004,07-1999,male,centre
Olivier DUPUIS,2281,Italy,Technical Group of Independent Members,Non-attached Members,Lista Emma Bonino ,1999-2004,07-1999,male,Non aligned
Michl EBNER,2075,Italy,European People's Party,None,Südtiroler Volkspartei ,1999-2004,07-1999,male,centre-right
Carlo FATUZZO,4413,Italy,European People's Party,None,Partito Pensionati ,1999-2004,07-1999,male,centre-right
Claudio FAVA,4469,Italy,Socialist Group,None,Democratici di Sinistra ,1999-2004,07-1999,male,centre-left
Enrico FERRI,990,Italy,European People's Party,None,Forza Italia ,1999-2004,07-1999,male,centre-right
Gianfranco FINI,1007,Italy,Non-attached Members,Union for Europe of the Nations Group ,Alleanza nazionale ,1999-2004,07-1999,male,Non aligned
Francesco FIORI,4396,Italy,European People's Party,None,Forza Italia ,1999-2004,07-1999,male,centre-right
Raffaele FITTO,4465,Italy,European People's Party,None,Forza Italia ,1999-2004,07-1999,male,centre-right
Marco FORMENTINI,2038,Italy,Non-attached Members,"Group of the European Liberal, Democrat and Reform Party ",Lega Nord per l'indipendenza della Padania ,1999-2004,07-1999,male,Non aligned
Monica FRASSONI,4254,Italy,Group of the Greens/European Free Alliance,None,Ecolo ,1999-2004,07-1999,female,centre-left
Giuseppe GARGANI,4562,Italy,European People's Party,None,Forza Italia ,1999-2004,07-1999,male,centre-right
Jas GAWRONSKI,1113,Italy,European People's Party,None,Forza Italia ,1999-2004,07-1999,male,centre-right
Vitaliano GEMELLI,4463,Italy,European People's Party,None,Cristiani democratici uniti ,1999-2004,07-1999,male,centre-right
Fiorella GHILARDOTTI,2024,Italy,Socialist Group,None,Democratici di Sinistra ,1999-2004,07-1999,female,centre-left
Gian Paolo GOBBO,4741,Italy,Technical Group of Independent Members,None,Lega Nord per l'indipendenza della Padania ,1999-2004,07-1999,male,Non aligned
Renzo IMBENI,1106,Italy,Socialist Group,None,Democratici di Sinistra ,1999-2004,07-1999,male,centre-left
Vincenzo LAVARRA,4455,Italy,Socialist Group,None,Democratici di Sinistra ,1999-2004,07-1999,male,centre-left
Giorgio LISI,4748,Italy,European People's Party,None,Forza Italia ,1999-2004,07-1999,male,centre-right
Raffaele LOMBARDO,4472,Italy,European People's Party,None,Centro cristiano democratico ,1999-2004,07-1999,male,centre-right
Lucio MANISCO,2074,Italy,Confederal Group of the European United Left/Nordic Green Left,None,Partito dei Comunisti Italiani ,1999-2004,07-1999,male,left
Mario MANTOVANI,4395,Italy,European People's Party,None,Forza Italia ,1999-2004,07-1999,male,centre-right
Franco MARINI,4426,Italy,European People's Party,None,Partito popolare italiano ,1999-2004,07-1999,male,centre-right
Claudio MARTELLI,1602,Italy,Socialist Group,Non-attached Members,Socialisti democratici italiani ,1999-2004,07-1999,male,centre-left
Clemente MASTELLA,4462,Italy,European People's Party,None,Unione Democratici per l'Europa ,1999-2004,07-1999,male,centre-right
Mario MAURO,4393,Italy,European People's Party,None,Forza Italia ,1999-2004,07-1999,male,centre-right
Reinhold MESSNER,4419,Italy,Group of the Greens/European Free Alliance,None,Federazione dei Verdi ,1999-2004,07-1999,male,centre-left
Luisa MORGANTINI,4453,Italy,Confederal Group of the European United Left/Nordic Green Left,None,Partito della rifondazione comunista ,1999-2004,07-1999,female,left
Cristiana MUSCARDINI,1073,Italy,Non-attached Members,Union for Europe of the Nations Group ,Alleanza nazionale ,1999-2004,07-1999,female,Non aligned
Francesco MUSOTTO,4471,Italy,European People's Party,None,Forza Italia ,1999-2004,07-1999,male,centre-right
Antonio MUSSA,21951,Italy,Union for Europe of the Nations Group,None,Alleanza nazionale ,1999-2004,07-2001,male,right
Sebastiano (Nello) MUSUMECI,1944,Italy,Non-attached Members,Union for Europe of the Nations Group ,Alleanza nazionale ,1999-2004,07-1999,male,Non aligned
Pasqualina NAPOLETANO,1065,Italy,Socialist Group,None,Democratici di Sinistra ,1999-2004,07-1999,female,centre-left
Giorgio NAPOLITANO,1103,Italy,Socialist Group,None,Democratici di Sinistra ,1999-2004,07-1999,male,centre-left
Giuseppe NISTICO',4749,Italy,European People's Party,None,Forza Italia ,1999-2004,07-1999,male,centre-right
Mauro NOBILIA,4744,Italy,Non-attached Members,Union for Europe of the Nations Group ,Alleanza nazionale ,1999-2004,07-1999,male,Non aligned
Elena Ornella PACIOTTI,4415,Italy,Socialist Group,None,Democratici di Sinistra ,1999-2004,07-1999,female,centre-left
Marco PANNELLA,1002,Italy,Technical Group of Independent Members,Non-attached Members,Lista Emma Bonino ,1999-2004,07-1999,male,Non aligned
Giuseppe PISICCHIO,4456,Italy,European People's Party,None,Rinnovamento italiano - Dini ,1999-2004,07-1999,male,centre-right
Gianni PITTELLA,4436,Italy,Socialist Group,None,Democratici di Sinistra ,1999-2004,07-1999,male,centre-left
Guido PODESTÀ,2046,Italy,European People's Party,None,Forza Italia ,1999-2004,07-1999,male,centre-right
Adriana POLI BORTONE,4467,Italy,Non-attached Members,Union for Europe of the Nations Group ,Alleanza nazionale ,1999-2004,07-1999,female,Non aligned
Giovanni PROCACCI,4460,Italy,"Group of the European Liberal, Democrat and Reform Party",None,I Democratici ,1999-2004,07-1999,male,centre
Giorgio RUFFOLO,714,Italy,Socialist Group,None,Democratici di Sinistra ,1999-2004,07-1999,male,centre-left
Francesco RUTELLI,4431,Italy,"Group of the European Liberal, Democrat and Reform Party",None,I Democratici ,1999-2004,07-1999,male,centre
Guido SACCONI,4425,Italy,Socialist Group,None,Democratici di Sinistra ,1999-2004,07-1999,male,centre-left
Amalia SARTORI,4423,Italy,European People's Party,None,Forza Italia ,1999-2004,07-1999,female,centre-right
Luciana SBARBATI,4428,Italy,"Group of the European Liberal, Democrat and Reform Party",None,Partito repubblicano italiano ,1999-2004,07-1999,female,centre
Umberto SCAPAGNINI,2194,Italy,European People's Party,None,Forza Italia ,1999-2004,07-1999,male,centre-right
Mariotto SEGNI,2027,Italy,Non-attached Members,Union for Europe of the Nations Group ,Patto Segni ,1999-2004,07-1999,male,Non aligned
Vittorio SGARBI,4421,Italy,European People's Party,None,Forza Italia ,1999-2004,07-1999,male,centre-right
Francesco Enrico SPERONI,997,Italy,Technical Group of Independent Members,None,Lega Nord per l'indipendenza della Padania ,1999-2004,07-1999,male,Non aligned
Antonio TAJANI,2187,Italy,European People's Party,None,Forza Italia ,1999-2004,07-1999,male,centre-right
Bruno TRENTIN,4397,Italy,Socialist Group,None,Democratici di Sinistra ,1999-2004,07-1999,male,centre-left
Franz TURCHI,4742,Italy,Non-attached Members,Union for Europe of the Nations Group ,Alleanza nazionale ,1999-2004,07-1999,male,Non aligned
Maurizio TURCO,4745,Italy,Technical Group of Independent Members,Non-attached Members,Lista Emma Bonino ,1999-2004,07-1999,male,Non aligned
Gianni VATTIMO,4398,Italy,Socialist Group,None,Democratici di Sinistra ,1999-2004,07-1999,male,centre-left
Walter VELTRONI,4424,Italy,Socialist Group,None,Democratici di Sinistra ,1999-2004,07-1999,male,centre-left
Guido VICECONTE,2197,Italy,European People's Party,None,Forza Italia ,1999-2004,07-1999,male,centre-right
Luigi VINCI,1957,Italy,Confederal Group of the European United Left/Nordic Green Left,None,Partito della rifondazione comunista ,1999-2004,07-1999,male,left
Demetrio VOLCIC,4418,Italy,Socialist Group,None,Democratici di Sinistra ,1999-2004,07-1999,male,centre-left
Stefano ZAPPALA',4433,Italy,European People's Party,None,Forza Italia ,1999-2004,07-1999,male,centre-right
Pietro-Paolo MENNEA,4711,Italy,"Group of the European Liberal, Democrat and Reform Party",Group of the European People's Party (Christian Democrats) and European Democrats ,I Democratici ,1999-2004,07-1999,male,centre
Vittorio AGNOLETTO,28975,Italy,Confederal Group of the European United Left,None,Partito della Rifondazione Comunista - Sinistra Europea ,2004-2009,07-2004,male,left
Gabriele ALBERTINI,28367,Italy,European People's Party,None,Forza Italia ,2004-2009,07-2004,male,centre-right
Alfonso ANDRIA,28363,Italy,Group of the Alliance of Liberals and Democrats for Europe,None,Uniti nell'Ulivo ,2004-2009,07-2004,male,centre
Roberta ANGELILLI,1941,Italy,Union for Europe of the Nations Group,None,Alleanza nazionale ,2004-2009,07-2004,female,right
Alfredo ANTONIOZZI,28422,Italy,European People's Party,None,Forza Italia ,2004-2009,07-2004,male,centre-right
Alessandro BATTILOCCHIO,28427,Italy,Non-attached Members,Socialist Group in the European Parliament ,Partito Socialista Nuovo PSI ,2004-2009,07-2004,male,Non aligned
Sergio BERLATO,4746,Italy,Union for Europe of the Nations Group,None,Alleanza nazionale ,2004-2009,07-2004,male,right
Giovanni BERLINGUER,28369,Italy,Socialist Group,None,Democratici di Sinistra ,2004-2009,07-2004,male,centre-left
Pier Luigi BERSANI,28329,Italy,Socialist Group,None,Uniti nell'Ulivo ,2004-2009,07-2004,male,centre-left
Fausto BERTINOTTI,2023,Italy,Confederal Group of the European United Left,None,Partito della Rifondazione Comunista - Sinistra Europea ,2004-2009,07-2004,male,left
Emma BONINO,1566,Italy,Group of the Alliance of Liberals and Democrats for Europe,None,Lista Emma Bonino ,2004-2009,07-2004,female,centre
Vito BONSIGNORE,29074,Italy,European People's Party,None,Unione dei Democratici cristiani e dei Democratici di Centro ,2004-2009,07-2004,male,centre-right
Mario BORGHEZIO,21817,Italy,Independence/Democracy Group,None,Lega Nord per l'indipendenza della Padania ,2004-2009,07-2004,male,right
Umberto BOSSI,2036,Italy,Independence/Democracy Group,Non-attached Members,Lega Nord per l'indipendenza della Padania ,2004-2009,07-2004,male,right
Iles BRAGHETTO,34174,Italy,European People's Party,None,Unione dei Democratici cristiani e dei Democratici di Centro ,2004-2009,07-2005,male,centre-right
Mercedes BRESSO,28346,Italy,Socialist Group,None,Democratici di Sinistra ,2004-2009,07-2004,female,centre-left
Renato BRUNETTA,4422,Italy,European People's Party,None,Forza Italia ,2004-2009,07-2004,male,centre-right
Giorgio CAROLLO,28415,Italy,European People's Party,None,Forza Italia ,2004-2009,07-2004,male,centre-right
Giuseppe CASTIGLIONE,28459,Italy,European People's Party,None,Forza Italia ,2004-2009,07-2004,male,centre-right
Giusto CATANIA,28979,Italy,Confederal Group of the European United Left,None,Partito della Rifondazione Comunista - Sinistra Europea ,2004-2009,07-2004,male,left
Lorenzo CESA,28451,Italy,European People's Party,None,Unione dei Democratici cristiani e dei Democratici di Centro ,2004-2009,07-2004,male,centre-right
Giulietto CHIESA,28973,Italy,Group of the Alliance of Liberals and Democrats for Europe,Socialist Group in the European Parliament ,Italia dei Valori ,2004-2009,07-2004,male,centre
Paolo CIRINO POMICINO,28978,Italy,European People's Party,None,Alleanza Popolare - Unione Democratici per l'Europa ,2004-2009,07-2004,male,centre-right
Luigi COCILOVO,4470,Italy,Group of the Alliance of Liberals and Democrats for Europe,None,La Margherita ,2004-2009,07-2004,male,centre
Paolo COSTA,4747,Italy,Group of the Alliance of Liberals and Democrats for Europe,None,Uniti nell'Ulivo ,2004-2009,07-2004,male,centre
Massimo D'ALEMA,28431,Italy,Socialist Group,None,Democratici di Sinistra ,2004-2009,07-2004,male,centre-left
Ottaviano DEL TURCO,28432,Italy,Socialist Group,None,Uniti nell'Ulivo ,2004-2009,07-2004,male,centre-left
Gianni DE MICHELIS,28452,Italy,Non-attached Members,Socialist Group in the European Parliament ,Partito Socialista Nuovo PSI ,2004-2009,07-2004,male,Non aligned
Antonio DE POLI,28417,Italy,European People's Party,None,Unione dei Democratici cristiani e dei Democratici di Centro ,2004-2009,07-2004,male,centre-right
Armando DIONISI,28426,Italy,European People's Party,None,Unione dei Democratici cristiani e dei Democratici di Centro ,2004-2009,07-2004,male,centre-right
Antonio DI PIETRO,4404,Italy,Group of the Alliance of Liberals and Democrats for Europe,None,Italia dei Valori ,2004-2009,07-2004,male,centre
Beniamino DONNICI,38399,Italy,Group of the Alliance of Liberals and Democrats for Europe,None,Italia dei Valori ,2004-2009,03-2007,male,centre
Michl EBNER,2075,Italy,European People's Party,None,Uniti nell'Ulivo-Südtiroler Volkspartei ,2004-2009,07-2004,male,centre-right
Carlo FATUZZO,4413,Italy,European People's Party,None,Partito Pensionati ,2004-2009,07-2004,male,centre-right
Claudio FAVA,4469,Italy,Socialist Group,None,Democratici di Sinistra ,2004-2009,07-2004,male,centre-left
Francesco FERRARI,38849,Italy,Group of the Alliance of Liberals and Democrats for Europe,None,Uniti nell'Ulivo ,2004-2009,07-2007,male,centre
Alessandro FOGLIETTA,28425,Italy,Union for Europe of the Nations Group,None,Alleanza nazionale ,2004-2009,07-2004,male,right
Monica FRASSONI,4254,Italy,Group of the Greens/European Free Alliance,None,Federazione dei Verdi ,2004-2009,07-2004,female,centre-left
Giuseppe GARGANI,4562,Italy,European People's Party,None,Forza Italia ,2004-2009,07-2004,male,centre-right
Jas GAWRONSKI,1113,Italy,European People's Party,None,Forza Italia ,2004-2009,07-2004,male,centre-right
Lilli GRUBER,28368,Italy,Socialist Group,None,Indipendente ,2004-2009,07-2004,female,centre-left
Umberto GUIDONI,28974,Italy,Confederal Group of the European United Left,None,Partito dei Comunisti Italiani ,2004-2009,07-2004,male,left
Sepp KUSSTATSCHER,28418,Italy,Group of the Greens/European Free Alliance,None,Federazione dei Verdi ,2004-2009,07-2004,male,centre-left
Romano Maria LA RUSSA,28416,Italy,Union for Europe of the Nations Group,None,Alleanza nazionale ,2004-2009,07-2004,male,right
Enrico LETTA,28413,Italy,Group of the Alliance of Liberals and Democrats for Europe,None,Uniti nell'Ulivo ,2004-2009,07-2004,male,centre
Pia Elda LOCATELLI,28976,Italy,Socialist Group,None,Uniti nell'Ulivo ,2004-2009,07-2004,female,centre-left
Eleonora LO CURTO,93515,Italy,European People's Party,None,Forza Italia ,2004-2009,07-2008,female,centre-right
Raffaele LOMBARDO,4472,Italy,European People's Party,None,Unione dei Democratici cristiani e dei Democratici di Centro ,2004-2009,07-2004,male,centre-right
Mario MANTOVANI,4395,Italy,European People's Party,None,Forza Italia ,2004-2009,07-2004,male,centre-right
Mario MAURO,4393,Italy,European People's Party,None,Forza Italia ,2004-2009,07-2004,male,centre-right
Luisa MORGANTINI,4453,Italy,Confederal Group of the European United Left,None,Partito della Rifondazione Comunista - Sinistra Europea ,2004-2009,07-2004,female,left
Roberto MUSACCHIO,28977,Italy,Confederal Group of the European United Left,None,Partito della Rifondazione Comunista - Sinistra Europea ,2004-2009,07-2004,male,left
Cristiana MUSCARDINI,1073,Italy,Union for Europe of the Nations Group,None,Alleanza nazionale ,2004-2009,07-2004,female,right
Francesco MUSOTTO,4471,Italy,European People's Party,None,Forza Italia ,2004-2009,07-2004,male,centre-right
Alessandra MUSSOLINI,28429,Italy,Non-attached Members,"Identity, Tradition and Sovereignty Group ",Alternativa sociale,2004-2009,07-2004,female,Non aligned
Sebastiano (Nello) MUSUMECI,1944,Italy,Union for Europe of the Nations Group,None,Alleanza nazionale ,2004-2009,07-2004,male,right
Pasqualina NAPOLETANO,1065,Italy,Socialist Group,None,Democratici di Sinistra ,2004-2009,07-2004,female,centre-left
Marco PANNELLA,1002,Italy,Group of the Alliance of Liberals and Democrats for Europe,None,Lista Emma Bonino ,2004-2009,07-2004,male,centre
Pier Antonio PANZERI,28365,Italy,Socialist Group,None,Uniti nell'Ulivo ,2004-2009,07-2004,male,centre-left
Umberto PIRILLI,29073,Italy,Union for Europe of the Nations Group,None,Alleanza nazionale ,2004-2009,07-2004,male,right
Lapo PISTELLI,28420,Italy,Group of the Alliance of Liberals and Democrats for Europe,None,La Margherita ,2004-2009,07-2004,male,centre
Gianni PITTELLA,4436,Italy,Socialist Group,None,Uniti nell'Ulivo ,2004-2009,07-2004,male,centre-left
Guido PODESTÀ,2046,Italy,European People's Party,None,Forza Italia ,2004-2009,07-2004,male,centre-right
Adriana POLI BORTONE,4467,Italy,Union for Europe of the Nations Group,None,Alleanza nazionale ,2004-2009,07-2004,female,right
Vittorio PRODI,28370,Italy,Group of the Alliance of Liberals and Democrats for Europe,None,Uniti nell'Ulivo ,2004-2009,07-2004,male,centre
Marco RIZZO,28410,Italy,Confederal Group of the European United Left,None,Partito dei Comunisti Italiani ,2004-2009,07-2004,male,left
Luca ROMAGNOLI,28457,Italy,Non-attached Members,"Identity, Tradition and Sovereignty Group ",Movimento Sociale Fiamma tricolore ,2004-2009,07-2004,male,Non aligned
Guido SACCONI,4425,Italy,Socialist Group,None,Uniti nell'Ulivo ,2004-2009,07-2004,male,centre-left
Matteo SALVINI,28404,Italy,Independence/Democracy Group,Non-attached Members,Lega Nord per l'indipendenza della Padania ,2004-2009,07-2004,male,right
Michele SANTORO,28333,Italy,Socialist Group,None,Indipendente ,2004-2009,07-2004,female,centre-left
Amalia SARTORI,4423,Italy,European People's Party,None,Forza Italia ,2004-2009,07-2004,female,centre-right
Luciana SBARBATI,4428,Italy,Group of the Alliance of Liberals and Democrats for Europe,None,Uniti nell'Ulivo ,2004-2009,07-2004,female,centre
Francesco Enrico SPERONI,997,Italy,Independence/Democracy Group,Non-attached Members,Lega Nord per l'indipendenza della Padania ,2004-2009,07-2004,male,right
Antonio TAJANI,2187,Italy,European People's Party,None,Forza Italia ,2004-2009,07-2004,male,centre-right
Salvatore TATARELLA,1945,Italy,Union for Europe of the Nations Group,None,Alleanza nazionale ,2004-2009,07-2004,male,right
Patrizia TOIA,28340,Italy,Group of the Alliance of Liberals and Democrats for Europe,None,La Margherita ,2004-2009,07-2004,female,centre
Riccardo VENTRE,28437,Italy,European People's Party,None,Forza Italia ,2004-2009,07-2004,male,centre-right
Marcello VERNOLA,28439,Italy,European People's Party,None,Forza Italia ,2004-2009,07-2004,male,centre-right
Marta VINCENZI,28335,Italy,Socialist Group,None,Democratici di Sinistra ,2004-2009,07-2004,female,centre-left
Mauro ZANI,28414,Italy,Socialist Group,None,Uniti nell'Ulivo ,2004-2009,07-2004,male,centre-left
Stefano ZAPPALA',4433,Italy,European People's Party,None,Forza Italia ,2004-2009,07-2004,male,centre-right
Nicola ZINGARETTI,28419,Italy,Socialist Group,None,Democratici di Sinistra ,2004-2009,07-2004,male,centre-left
Gabriele ALBERTINI,28367,Italy,European People's Party,None,Il Popolo della Libertà ,2009-2014,07-2009,male,centre-right
Sonia ALFANO,97086,Italy,Group of the Alliance of Liberals and Democrats for Europe,None,Italia dei Valori - Lista Di Pietro ,2009-2014,07-2009,female,centre
Magdi Cristiano ALLAM,96992,Italy,European People's Party,Europe of freedom and democracy Group ,Unione dei Democratici cristiani e dei Democratici di Centro ,2009-2014,07-2009,female,centre-right
Roberta ANGELILLI,1941,Italy,European People's Party,None,Il Popolo della Libertà ,2009-2014,07-2009,female,centre-right
Antonello ANTINORO,97193,Italy,European People's Party,None,Unione dei Democratici cristiani e dei Democratici di Centro ,2009-2014,07-2009,male,centre-right
Alfredo ANTONIOZZI,28422,Italy,European People's Party,None,Il Popolo della Libertà ,2009-2014,07-2009,male,centre-right
Pino ARLACCHI,97228,Italy,Group of the Alliance of Liberals and Democrats for Europe,Group of the Progressive Alliance of Socialists and Democrats in the European Parliament ,Italia dei Valori - Lista Di Pietro ,2009-2014,07-2009,male,centre
Raffaele BALDASSARRE,96757,Italy,European People's Party,None,Il Popolo della Libertà ,2009-2014,07-2009,male,centre-right
Francesca BALZANI,96979,Italy,Group of the Progressive Alliance of Socialists and Democrats in the European Parliament,None,Partito Democratico ,2009-2014,07-2009,female,centre-left
Paolo BARTOLOZZI,21818,Italy,European People's Party,None,Il Popolo della Libertà ,2009-2014,07-2009,male,centre-right
Luigi BERLINGUER,97156,Italy,Group of the Progressive Alliance of Socialists and Democrats in the European Parliament,None,Partito Democratico ,2009-2014,07-2009,male,centre-left
Mara BIZZOTTO,97198,Italy,Europe of freedom and democracy Group,None,Lega Nord ,2009-2014,07-2009,female,right
Vito BONSIGNORE,29074,Italy,European People's Party,None,Il Popolo della Libertà ,2009-2014,07-2009,male,centre-right
Mario BORGHEZIO,21817,Italy,Europe of freedom and democracy Group,Non-attached Members,Lega Nord ,2009-2014,07-2009,male,right
Rita BORSELLINO,96916,Italy,Group of the Progressive Alliance of Socialists and Democrats in the European Parliament,None,Partito Democratico ,2009-2014,07-2009,female,centre-left
Antonio CANCIAN,96733,Italy,European People's Party,None,Il Popolo della Libertà ,2009-2014,07-2009,male,centre-right
Salvatore CARONNA,96866,Italy,Group of the Progressive Alliance of Socialists and Democrats in the European Parliament,None,Partito Democratico ,2009-2014,07-2009,male,centre-left
Carlo CASINI,988,Italy,European People's Party,None,Unione dei Democratici cristiani e dei Democratici di Centro ,2009-2014,07-2009,male,centre-right
Sergio Gaetano COFFERATI,96915,Italy,Group of the Progressive Alliance of Socialists and Democrats in the European Parliament,None,Partito Democratico ,2009-2014,07-2009,male,centre-left
Giovanni COLLINO,97195,Italy,European People's Party,None,Il Popolo della Libertà ,2009-2014,07-2009,male,centre-right
Silvia COSTA,96917,Italy,Group of the Progressive Alliance of Socialists and Democrats in the European Parliament,None,Partito Democratico ,2009-2014,07-2009,female,centre-left
Rosario CROCETTA,96886,Italy,Group of the Progressive Alliance of Socialists and Democrats in the European Parliament,None,Partito Democratico ,2009-2014,07-2009,male,centre-left
Francesco DE ANGELIS,96887,Italy,Group of the Progressive Alliance of Socialists and Democrats in the European Parliament,None,Partito Democratico ,2009-2014,07-2009,male,centre-left
Luigi de MAGISTRIS,97129,Italy,Group of the Alliance of Liberals and Democrats for Europe,None,Italia dei Valori - Lista Di Pietro ,2009-2014,07-2009,male,centre
Luigi Ciriaco DE MITA,1746,Italy,European People's Party,None,Unione dei Democratici cristiani e dei Democratici di Centro ,2009-2014,07-2009,male,centre-right
Leonardo DOMENICI,96888,Italy,Group of the Progressive Alliance of Socialists and Democrats in the European Parliament,None,Partito Democratico ,2009-2014,07-2009,male,centre-left
Lorenzo FONTANA,96993,Italy,Europe of freedom and democracy Group,None,Lega Nord ,2009-2014,07-2009,male,right
Elisabetta GARDINI,58758,Italy,European People's Party,None,Il Popolo della Libertà ,2009-2014,07-2009,female,centre-right
Roberto GUALTIERI,96892,Italy,Group of the Progressive Alliance of Socialists and Democrats in the European Parliament,None,Partito Democratico ,2009-2014,07-2009,male,centre-left
Salvatore IACOLINO,96818,Italy,European People's Party,None,Il Popolo della Libertà ,2009-2014,07-2009,male,centre-right
Vincenzo IOVINE,97130,Italy,Group of the Alliance of Liberals and Democrats for Europe,Group of the Progressive Alliance of Socialists and Democrats in the European Parliament ,Italia dei Valori - Lista Di Pietro ,2009-2014,07-2009,male,centre
Giovanni LA VIA,96816,Italy,European People's Party,None,Il Popolo della Libertà ,2009-2014,07-2009,male,centre-right
Clemente MASTELLA,4462,Italy,European People's Party,None,Unione Democratici per l'Europa ,2009-2014,07-2009,male,centre-right
Barbara MATERA,96813,Italy,European People's Party,None,Il Popolo della Libertà ,2009-2014,07-2009,female,centre-right
Mario MAURO,4393,Italy,European People's Party,None,Il Popolo della Libertà ,2009-2014,07-2009,male,centre-right
Erminia MAZZONI,96817,Italy,European People's Party,None,Il Popolo della Libertà ,2009-2014,07-2009,female,centre-right
Guido MILANA,97020,Italy,Group of the Progressive Alliance of Socialists and Democrats in the European Parliament,None,Partito Democratico ,2009-2014,07-2009,male,centre-left
Claudio MORGANTI,97280,Italy,Europe of freedom and democracy Group,None,Lega Nord ,2009-2014,07-2009,male,right
Tiziano MOTTI,96760,Italy,European People's Party,None,Unione dei Democratici cristiani e dei Democratici di Centro ,2009-2014,07-2009,male,centre-right
Cristiana MUSCARDINI,1073,Italy,European People's Party,European Conservatives and Reformists Group ,Il Popolo della Libertà ,2009-2014,07-2009,female,centre-right
Alfredo PALLONE,97197,Italy,European People's Party,None,Il Popolo della Libertà ,2009-2014,07-2009,male,centre-right
Pier Antonio PANZERI,28365,Italy,Group of the Progressive Alliance of Socialists and Democrats in the European Parliament,None,Partito Democratico ,2009-2014,07-2009,male,centre-left
Mario PIRILLO,96890,Italy,Group of the Progressive Alliance of Socialists and Democrats in the European Parliament,None,Partito Democratico ,2009-2014,07-2009,male,centre-left
Gianni PITTELLA,4436,Italy,Group of the Progressive Alliance of Socialists and Democrats in the European Parliament,None,Partito Democratico ,2009-2014,07-2009,male,centre-left
Vittorio PRODI,28370,Italy,Group of the Progressive Alliance of Socialists and Democrats in the European Parliament,None,Partito Democratico ,2009-2014,07-2009,male,centre-left
Fiorello PROVERA,96994,Italy,Europe of freedom and democracy Group,None,Lega Nord ,2009-2014,07-2009,male,right
Niccolò RINALDI,97229,Italy,Group of the Alliance of Liberals and Democrats for Europe,None,Italia dei Valori - Lista Di Pietro ,2009-2014,07-2009,male,centre
Crescenzio RIVELLINI,97199,Italy,European People's Party,None,Il Popolo della Libertà ,2009-2014,07-2009,male,centre-right
Licia RONZULLI,96819,Italy,European People's Party,None,Il Popolo della Libertà ,2009-2014,07-2009,female,centre-right
Oreste ROSSI,97196,Italy,Europe of freedom and democracy Group,Non-attached Members,Lega Nord ,2009-2014,07-2009,male,right
Potito SALATTO,96889,Italy,European People's Party,None,Il Popolo della Libertà ,2009-2014,07-2009,male,centre-right
Matteo SALVINI,28404,Italy,Europe of freedom and democracy Group,None,Lega Nord ,2009-2014,07-2009,male,right
Amalia SARTORI,4423,Italy,European People's Party,None,Il Popolo della Libertà ,2009-2014,07-2009,female,centre-right
David Maria SASSOLI,96864,Italy,Group of the Progressive Alliance of Socialists and Democrats in the European Parliament,None,Partito Democratico ,2009-2014,07-2009,male,centre-left
Giancarlo SCOTTÀ,96996,Italy,Europe of freedom and democracy Group,None,Lega Nord ,2009-2014,07-2009,male,right
Marco SCURRIA,96843,Italy,European People's Party,None,Il Popolo della Libertà ,2009-2014,07-2009,male,centre-right
Debora SERRACCHIANI,96865,Italy,Group of the Progressive Alliance of Socialists and Democrats in the European Parliament,None,Partito Democratico ,2009-2014,07-2009,female,centre-left
Sergio Paolo Francesco SILVESTRIS,96755,Italy,European People's Party,None,Il Popolo della Libertà ,2009-2014,07-2009,male,centre-right
Francesco Enrico SPERONI,997,Italy,Europe of freedom and democracy Group,None,Lega Nord ,2009-2014,07-2009,male,right
Gianluca SUSTA,36396,Italy,Group of the Progressive Alliance of Socialists and Democrats in the European Parliament,None,Partito Democratico ,2009-2014,07-2009,male,centre-left
Salvatore TATARELLA,1945,Italy,European People's Party,None,Il Popolo della Libertà ,2009-2014,07-2009,male,centre-right
Giommaria UGGIAS,97131,Italy,Group of the Alliance of Liberals and Democrats for Europe,None,Italia dei Valori - Lista Di Pietro ,2009-2014,07-2009,male,centre
Gianni VATTIMO,4398,Italy,Group of the Alliance of Liberals and Democrats for Europe,None,Italia dei Valori - Lista Di Pietro ,2009-2014,07-2009,male,centre
Iva ZANICCHI,41007,Italy,European People's Party,None,Il Popolo della Libertà ,2009-2014,07-2009,female,centre-right
Andrea ZANONI,108329,Italy,Group of the Alliance of Liberals and Democrats for Europe,Group of the Progressive Alliance of Socialists and Democrats in the European Parliament ,Italia dei Valori - Lista Di Pietro ,2009-2014,07-2011,female,centre
Isabella ADINOLFI,124831,Italy,Europe of Freedom and Direct Democracy Group,Non-attached Members,Movimento 5 Stelle ,2014-2019,07-2014,female,right
Marco AFFRONTE,124797,Italy,Europe of Freedom and Direct Democracy Group,Non-attached Members,Movimento 5 Stelle ,2014-2019,07-2014,male,right
Laura AGEA,124811,Italy,Europe of Freedom and Direct Democracy Group,Non-attached Members,Movimento 5 Stelle ,2014-2019,07-2014,female,right
Daniela AIUTO,124842,Italy,Europe of Freedom and Direct Democracy Group,Non-attached Members,Movimento 5 Stelle ,2014-2019,07-2014,female,right
Tiziana BEGHIN,124777,Italy,Europe of Freedom and Direct Democracy Group,Non-attached Members,Movimento 5 Stelle ,2014-2019,07-2014,female,right
Brando BENIFEI,124867,Italy,Group of the Progressive Alliance of Socialists and Democrats in the European Parliament,None,Partito Democratico ,2014-2019,07-2014,male,centre-left
Goffredo Maria BETTINI,124819,Italy,Group of the Progressive Alliance of Socialists and Democrats in the European Parliament,None,Partito Democratico ,2014-2019,07-2014,male,centre-left
Mara BIZZOTTO,97198,Italy,Non-attached Members,Europe of Nations and Freedom Group ,Lega Nord ,2014-2019,07-2014,female,Non aligned
Simona BONAFÈ,124814,Italy,Group of the Progressive Alliance of Socialists and Democrats in the European Parliament,None,Partito Democratico ,2014-2019,07-2014,female,centre-left
Mario BORGHEZIO,21817,Italy,Non-attached Members,Europe of Nations and Freedom Group ,Lega Nord ,2014-2019,07-2014,male,Non aligned
David BORRELLI,124796,Italy,Europe of Freedom and Direct Democracy Group,Non-attached Members,Movimento 5 Stelle ,2014-2019,07-2014,male,right
Mercedes BRESSO,28346,Italy,Group of the Progressive Alliance of Socialists and Democrats in the European Parliament,None,Partito Democratico ,2014-2019,07-2014,female,centre-left
Renata BRIANO,124787,Italy,Group of the Progressive Alliance of Socialists and Democrats in the European Parliament,None,Partito Democratico ,2014-2019,07-2014,female,centre-left
Gianluca BUONANNO,124869,Italy,Non-attached Members,Europe of Nations and Freedom Group ,Lega Nord ,2014-2019,07-2014,male,Non aligned
Nicola CAPUTO,124851,Italy,Group of the Progressive Alliance of Socialists and Democrats in the European Parliament,None,Partito Democratico ,2014-2019,07-2014,male,centre-left
Fabio Massimo CASTALDO,124812,Italy,Europe of Freedom and Direct Democracy Group,Non-attached Members,Movimento 5 Stelle ,2014-2019,07-2014,male,right
Lorenzo CESA,28451,Italy,European People's Party,None,Unione di Centro ,2014-2019,07-2014,male,centre-right
Caterina CHINNICI,124861,Italy,Group of the Progressive Alliance of Socialists and Democrats in the European Parliament,None,Partito Democratico ,2014-2019,07-2014,female,centre-left
Salvatore CICU,124854,Italy,European People's Party,None,Forza Italia ,2014-2019,07-2014,male,centre-right
Angelo CIOCCA,183793,Italy,Europe of Nations and Freedom Group,None,Lega Nord ,2014-2019,07-2016,male,right
Alberto CIRIO,124772,Italy,European People's Party,None,Forza Italia ,2014-2019,07-2014,male,centre-right
Sergio Gaetano COFFERATI,96915,Italy,Group of the Progressive Alliance of Socialists and Democrats in the European Parliament,None,Partito Democratico ,2014-2019,07-2014,male,centre-left
Lara COMI,96775,Italy,European People's Party,None,Forza Italia ,2014-2019,07-2014,female,centre-right
Ignazio CORRAO,124856,Italy,Europe of Freedom and Direct Democracy Group,Non-attached Members,Movimento 5 Stelle ,2014-2019,07-2014,male,right
Silvia COSTA,96917,Italy,Group of the Progressive Alliance of Socialists and Democrats in the European Parliament,None,Partito Democratico ,2014-2019,07-2014,female,centre-left
Andrea COZZOLINO,96880,Italy,Group of the Progressive Alliance of Socialists and Democrats in the European Parliament,None,Partito Democratico ,2014-2019,07-2014,female,centre-left
Rosa D'AMATO,124835,Italy,Europe of Freedom and Direct Democracy Group,Non-attached Members,Movimento 5 Stelle ,2014-2019,07-2014,female,right
Nicola DANTI,124821,Italy,Group of the Progressive Alliance of Socialists and Democrats in the European Parliament,None,Partito Democratico ,2014-2019,07-2014,male,centre-left
Paolo DE CASTRO,96891,Italy,Group of the Progressive Alliance of Socialists and Democrats in the European Parliament,None,Partito Democratico ,2014-2019,07-2014,male,centre-left
Isabella DE MONTE,124803,Italy,Group of the Progressive Alliance of Socialists and Democrats in the European Parliament,None,Partito Democratico ,2014-2019,07-2014,female,centre-left
Herbert DORFMANN,96787,Italy,European People's Party,None,Südtiroler Volkspartei ,2014-2019,07-2014,male,centre-right
Eleonora EVI,124779,Italy,Europe of Freedom and Direct Democracy Group,Non-attached Members,Movimento 5 Stelle ,2014-2019,07-2014,female,right
Laura FERRARA,124833,Italy,Europe of Freedom and Direct Democracy Group,Non-attached Members,Movimento 5 Stelle ,2014-2019,07-2014,female,right
Raffaele FITTO,4465,Italy,European People's Party,European Conservatives and Reformists Group ,Forza Italia ,2014-2019,07-2014,male,centre-right
Lorenzo FONTANA,96993,Italy,Non-attached Members,Europe of Nations and Freedom Group ,Lega Nord ,2014-2019,07-2014,male,Non aligned
Eleonora FORENZA,125193,Italy,Confederal Group of the European United Left,None,Lista Tsipras-L'Altra Europa ,2014-2019,07-2014,female,left
Elisabetta GARDINI,58758,Italy,European People's Party,European Conservatives and Reformists Group ,Forza Italia ,2014-2019,07-2014,female,centre-right
Enrico GASBARRA,124817,Italy,Group of the Progressive Alliance of Socialists and Democrats in the European Parliament,None,Partito Democratico ,2014-2019,07-2014,male,centre-left
Elena GENTILE,124847,Italy,Group of the Progressive Alliance of Socialists and Democrats in the European Parliament,None,Partito Democratico ,2014-2019,07-2014,female,centre-left
Michela GIUFFRIDA,124864,Italy,Group of the Progressive Alliance of Socialists and Democrats in the European Parliament,None,Partito Democratico ,2014-2019,07-2014,female,centre-left
Roberto GUALTIERI,96892,Italy,Group of the Progressive Alliance of Socialists and Democrats in the European Parliament,None,Partito Democratico ,2014-2019,07-2014,male,centre-left
Cécile Kashetu KYENGE,124801,Italy,Group of the Progressive Alliance of Socialists and Democrats in the European Parliament,None,Partito Democratico ,2014-2019,07-2014,female,centre-left
Giovanni LA VIA,96816,Italy,European People's Party,None,Unione di Centro ,2014-2019,07-2014,male,centre-right
Curzio MALTESE,125192,Italy,Confederal Group of the European United Left,None,Lista Tsipras-L'Altra Europa ,2014-2019,07-2014,male,left
Fulvio MARTUSCIELLO,124828,Italy,European People's Party,None,Forza Italia ,2014-2019,07-2014,male,centre-right
Barbara MATERA,96813,Italy,European People's Party,None,Forza Italia ,2014-2019,07-2014,female,centre-right
Stefano MAULLU,133326,Italy,European People's Party,European Conservatives and Reformists Group ,Forza Italia ,2014-2019,07-2015,male,centre-right
Giovanni MICCICHÈ,193706,Italy,European People's Party,None,Forza Italia ,2014-2019,07-2018,male,centre-right
Giulia MOI,124859,Italy,Europe of Freedom and Direct Democracy Group,Non-attached Members,Movimento 5 Stelle ,2014-2019,07-2014,female,right
Alessandra MORETTI,124799,Italy,Group of the Progressive Alliance of Socialists and Democrats in the European Parliament,None,Partito Democratico ,2014-2019,07-2014,female,centre-left
Luigi MORGANO,124788,Italy,Group of the Progressive Alliance of Socialists and Democrats in the European Parliament,None,Partito Democratico ,2014-2019,07-2014,male,centre-left
Alessia Maria MOSCA,124868,Italy,Group of the Progressive Alliance of Socialists and Democrats in the European Parliament,None,Partito Democratico ,2014-2019,07-2014,female,centre-left
Alessandra MUSSOLINI,28429,Italy,European People's Party,Non-attached Members,Forza Italia ,2014-2019,07-2014,female,centre-right
Pier Antonio PANZERI,28365,Italy,Group of the Progressive Alliance of Socialists and Democrats in the European Parliament,None,Partito Democratico ,2014-2019,07-2014,male,centre-left
Massimo PAOLUCCI,124849,Italy,Group of the Progressive Alliance of Socialists and Democrats in the European Parliament,None,Partito Democratico ,2014-2019,07-2014,male,centre-left
Aldo PATRICIELLO,36392,Italy,European People's Party,None,Forza Italia ,2014-2019,07-2014,male,centre-right
Piernicola PEDICINI,124844,Italy,Europe of Freedom and Direct Democracy Group,Non-attached Members,Movimento 5 Stelle ,2014-2019,07-2014,male,right
Pina PICIERNO,124846,Italy,Group of the Progressive Alliance of Socialists and Democrats in the European Parliament,None,Partito Democratico ,2014-2019,07-2014,female,centre-left
Gianni PITTELLA,4436,Italy,Group of the Progressive Alliance of Socialists and Democrats in the European Parliament,None,Partito Democratico ,2014-2019,07-2014,male,centre-left
Salvatore Domenico POGLIESE,124853,Italy,European People's Party,None,Forza Italia ,2014-2019,07-2014,male,centre-right
Massimiliano SALINI,125670,Italy,European People's Party,None,Unione di Centro ,2014-2019,07-2014,male,centre-right
Matteo SALVINI,28404,Italy,Non-attached Members,Europe of Nations and Freedom Group ,Lega Nord ,2014-2019,07-2014,male,Non aligned
David Maria SASSOLI,96864,Italy,Group of the Progressive Alliance of Socialists and Democrats in the European Parliament,None,Partito Democratico ,2014-2019,07-2014,male,centre-left
Elly SCHLEIN,124804,Italy,Group of the Progressive Alliance of Socialists and Democrats in the European Parliament,None,Partito Democratico ,2014-2019,07-2014,female,centre-left
Remo SERNAGIOTTO,124794,Italy,European People's Party,European Conservatives and Reformists Group ,Forza Italia ,2014-2019,07-2014,male,centre-right
Renato SORU,124860,Italy,Group of the Progressive Alliance of Socialists and Democrats in the European Parliament,Non-attached Members,Partito Democratico ,2014-2019,07-2014,male,centre-left
Barbara SPINELLI,124810,Italy,Confederal Group of the European United Left,None,Lista Tsipras-L'Altra Europa ,2014-2019,07-2014,female,left
Antonio TAJANI,2187,Italy,European People's Party,None,Forza Italia ,2014-2019,07-2014,male,centre-right
Dario TAMBURRANO,124813,Italy,Europe of Freedom and Direct Democracy Group,Non-attached Members,Movimento 5 Stelle ,2014-2019,07-2014,male,right
Patrizia TOIA,28340,Italy,Group of the Progressive Alliance of Socialists and Democrats in the European Parliament,None,Partito Democratico ,2014-2019,07-2014,female,centre-left
Flavio TOSI,124795,Italy,Non-attached Members,None,Lega Nord ,2014-2019,07-2014,male,Non aligned
Giovanni TOTI,124764,Italy,European People's Party,None,Forza Italia ,2014-2019,07-2014,male,centre-right
Marco VALLI,124778,Italy,Europe of Freedom and Direct Democracy Group,Non-attached Members,Movimento 5 Stelle ,2014-2019,07-2014,male,right
Daniele VIOTTI,124791,Italy,Group of the Progressive Alliance of Socialists and Democrats in the European Parliament,None,Partito Democratico ,2014-2019,07-2014,male,centre-left
Marco ZANNI,124780,Italy,Europe of Freedom and Direct Democracy Group,Non-attached Members,Movimento 5 Stelle ,2014-2019,07-2014,male,right
Flavio ZANONATO,124800,Italy,Group of the Progressive Alliance of Socialists and Democrats in the European Parliament,None,Partito Democratico ,2014-2019,07-2014,male,centre-left
Marco ZULLO,125237,Italy,Europe of Freedom and Direct Democracy Group,Non-attached Members,Movimento 5 Stelle ,2014-2019,07-2014,male,right
Isabella ADINOLFI,124831,Italy,European People's Party,None,Forza Italia,2019-2024,07-2019,female,centre-right
Matteo ADINOLFI,197826,Italy,Identity and Democracy Group,None,Lega,2019-2024,07-2019,male,right
Simona BALDASSARRE,197789,Italy,Identity and Democracy Group,None,Lega,2019-2024,07-2019,female,right
Pietro BARTOLO,197808,Italy,Group of the Progressive Alliance of Socialists and Democrats in the European Parliament,None,Partito Democratico,2019-2024,07-2019,male,centre-left
Alessandra BASSO,197610,Italy,Identity and Democracy Group,None,Lega,2019-2024,07-2019,female,right
Tiziana BEGHIN,124777,Italy,Non-attached Members,None,Movimento 5 Stelle,2019-2024,07-2019,female,Non aligned
Brando BENIFEI,124867,Italy,Group of the Progressive Alliance of Socialists and Democrats in the European Parliament,None,Partito Democratico,2019-2024,07-2019,male,centre-left
Sergio BERLATO,4746,Italy,European Conservatives and Reformists Group,None,Fratelli d'Italia,2019-2024,07-2019,male,right
Anna BONFRISCO,197788,Italy,Identity and Democracy Group,None,Lega,2019-2024,07-2019,female,right
Paolo BORCHIA,101039,Italy,Identity and Democracy Group,None,Lega,2019-2024,07-2019,male,right
Marco CAMPOMENOSI,35016,Italy,Identity and Democracy Group,None,Lega,2019-2024,07-2019,male,right
Massimo CASANOVA,197796,Italy,Identity and Democracy Group,None,Lega,2019-2024,07-2019,male,right
Fabio Massimo CASTALDO,124812,Italy,Non-attached Members,None,Movimento 5 Stelle,2019-2024,07-2019,male,Non aligned
Susanna CECCARDI,197786,Italy,Identity and Democracy Group,None,Lega,2019-2024,07-2019,female,right
Caterina CHINNICI,124861,Italy,Group of the Progressive Alliance of Socialists and Democrats in the European Parliament,None,Partito Democratico,2019-2024,07-2019,female,centre-left
Angelo CIOCCA,183793,Italy,Identity and Democracy Group,None,Lega,2019-2024,07-2019,male,right
Lara COMI,96775,Italy,European People's Party,None,Forza Italia,2019-2024,07-2019,female,centre-right
Rosanna CONTE,197616,Italy,Identity and Democracy Group,None,Lega,2019-2024,07-2019,female,right
Ignazio CORRAO,124856,Italy,Group of the Greens/European Free Alliance,None,Independent,2019-2024,07-2019,male,centre-left
Beatrice COVASSI,240478,Italy,Group of the Progressive Alliance of Socialists and Democrats in the European Parliament,None,Partito Democratico,2019-2024,07-2019,female,centre-left
Andrea COZZOLINO,96880,Italy,Non-attached Members,None,Partito Democratico,2019-2024,07-2019,female,Non aligned
Rosa D'AMATO,124835,Italy,Group of the Greens/European Free Alliance,None,Independent,2019-2024,07-2019,female,centre-left
Nicola DANTI,124821,Italy,Renew Europe Group,None,Azione - Italia Viva,2019-2024,07-2019,male,centre
Maria Angela DANZÌ,239258,Italy,Non-attached Members,None,Movimento 5 Stelle,2019-2024,07-2019,female,Non aligned
Gianantonio DA RE,197608,Italy,Identity and Democracy Group,None,Lega,2019-2024,07-2019,male,right
Elisabetta DE BLASIS,239262,Italy,Identity and Democracy Group,None,Lega,2019-2024,07-2019,female,right
Paolo DE CASTRO,96891,Italy,Group of the Progressive Alliance of Socialists and Democrats in the European Parliament,None,Partito Democratico,2019-2024,07-2019,male,centre-left
Salvatore DE MEO,204333,Italy,European People's Party,None,Forza Italia,2019-2024,07-2019,male,centre-right
Francesca DONATO,197822,Italy,Non-attached Members,None,Independent,2019-2024,07-2019,female,Non aligned
Herbert DORFMANN,96787,Italy,European People's Party,None,Südtiroler Volkspartei,2019-2024,07-2019,male,centre-right
Giuseppe FERRANDINO,192634,Italy,Renew Europe Group,None,Azione - Italia Viva,2019-2024,07-2019,male,centre
Laura FERRARA,124833,Italy,Non-attached Members,None,Movimento 5 Stelle,2019-2024,07-2019,female,Non aligned
Carlo FIDANZA,96810,Italy,European Conservatives and Reformists Group,None,Fratelli d'Italia,2019-2024,07-2019,male,right
Pietro FIOCCHI,197607,Italy,European Conservatives and Reformists Group,None,Fratelli d'Italia,2019-2024,07-2019,male,right
Mario FURORE,197795,Italy,Non-attached Members,None,Movimento 5 Stelle,2019-2024,07-2019,male,Non aligned
Gianna GANCIA,197582,Italy,Identity and Democracy Group,None,Lega,2019-2024,07-2019,female,right
Matteo GAZZINI,239255,Italy,Identity and Democracy Group,None,Lega,2019-2024,07-2019,male,right
Chiara GEMMA,197794,Italy,European Conservatives and Reformists Group,None,Independent,2019-2024,07-2019,female,right
Paola GHIDONI,239256,Italy,Identity and Democracy Group,None,Lega,2019-2024,07-2019,female,right
Dino GIARRUSSO,197804,Italy,Non-attached Members,None,Independent,2019-2024,07-2019,male,Non aligned
Valentino GRANT,197799,Italy,Identity and Democracy Group,None,Lega,2019-2024,07-2019,male,right
Elisabetta GUALMINI,197618,Italy,Group of the Progressive Alliance of Socialists and Democrats in the European Parliament,None,Partito Democratico,2019-2024,07-2019,female,centre-left
Danilo Oscar LANCINI,192635,Italy,Identity and Democracy Group,None,Lega,2019-2024,07-2019,male,right
Camilla LAURETI,230085,Italy,Group of the Progressive Alliance of Socialists and Democrats in the European Parliament,None,Partito Democratico,2019-2024,07-2019,female,centre-left
Elena LIZZI,197611,Italy,Identity and Democracy Group,None,Lega,2019-2024,07-2019,female,right
Pierfrancesco MAJORINO,197592,Italy,Group of the Progressive Alliance of Socialists and Democrats in the European Parliament,None,Partito Democratico,2019-2024,07-2019,male,centre-left
Fulvio MARTUSCIELLO,124828,Italy,European People's Party,None,Forza Italia,2019-2024,07-2019,male,centre-right
Giuseppe MILAZZO,197824,Italy,European Conservatives and Reformists Group,None,Fratelli d'Italia,2019-2024,07-2019,male,right
Alessandra MORETTI,124799,Italy,Group of the Progressive Alliance of Socialists and Democrats in the European Parliament,None,Partito Democratico,2019-2024,07-2019,female,centre-left
Alessandra MUSSOLINI,28429,Italy,European People's Party,None,Forza Italia,2019-2024,07-2019,female,centre-right
Denis NESCI,239260,Italy,European Conservatives and Reformists Group,None,FRATELLI D' ITALIA,2019-2024,07-2019,male,right
Alessandro PANZA,99283,Italy,Identity and Democracy Group,None,Lega,2019-2024,07-2019,male,right
Aldo PATRICIELLO,36392,Italy,European People's Party,None,Forza Italia,2019-2024,07-2019,male,centre-right
Piernicola PEDICINI,124844,Italy,Group of the Greens/European Free Alliance,None,Independent,2019-2024,07-2019,male,centre-left
Pina PICIERNO,124846,Italy,Group of the Progressive Alliance of Socialists and Democrats in the European Parliament,None,Partito Democratico,2019-2024,07-2019,female,centre-left
Sabrina PIGNEDOLI,197619,Italy,Non-attached Members,None,Movimento 5 Stelle,2019-2024,07-2019,female,Non aligned
Giuliano PISAPIA,197590,Italy,Group of the Progressive Alliance of Socialists and Democrats in the European Parliament,None,Independent,2019-2024,07-2019,male,centre-left
Nicola PROCACCINI,197820,Italy,European Conservatives and Reformists Group,None,Fratelli d'Italia,2019-2024,07-2019,male,right
Luisa REGIMENTI,197790,Italy,European People's Party,None,Forza Italia,2019-2024,07-2019,female,centre-right
Antonio Maria RINALDI,197787,Italy,Identity and Democracy Group,None,Lega,2019-2024,07-2019,male,right
Franco ROBERTI,197801,Italy,Group of the Progressive Alliance of Socialists and Democrats in the European Parliament,None,Partito Democratico,2019-2024,07-2019,male,centre-left
Daniela RONDINELLI,197792,Italy,Group of the Progressive Alliance of Socialists and Democrats in the European Parliament,None,Partito Democratico,2019-2024,07-2019,female,centre-left
Massimiliano SALINI,125670,Italy,European People's Party,None,Forza Italia,2019-2024,07-2019,male,centre-right
Silvia SARDONE,197578,Italy,Identity and Democracy Group,None,Lega,2019-2024,07-2019,female,right
Massimiliano SMERIGLIO,197791,Italy,Group of the Progressive Alliance of Socialists and Democrats in the European Parliament,None,Partito Democratico,2019-2024,07-2019,male,centre-left
Vincenzo SOFO,204334,Italy,European Conservatives and Reformists Group,None,Fratelli d'Italia,2019-2024,07-2019,male,right
Raffaele STANCANELLI,197825,Italy,European Conservatives and Reformists Group,None,Fratelli d'Italia,2019-2024,07-2019,male,right
Annalisa TARDINO,197806,Italy,Identity and Democracy Group,None,Lega,2019-2024,07-2019,female,right
Irene TINAGLI,197591,Italy,Group of the Progressive Alliance of Socialists and Democrats in the European Parliament,None,Partito Democratico,2019-2024,07-2019,female,centre-left
Patrizia TOIA,28340,Italy,Group of the Progressive Alliance of Socialists and Democrats in the European Parliament,None,Partito Democratico,2019-2024,07-2019,female,centre-left
Isabella TOVAGLIERI,197580,Italy,Identity and Democracy Group,None,Lega,2019-2024,07-2019,female,right
Achille VARIATI,239257,Italy,Group of the Progressive Alliance of Socialists and Democrats in the European Parliament,None,Partito Democratico,2019-2024,07-2019,male,centre-left
Lucia VUOLO,197798,Italy,European People's Party,None,Forza Italia,2019-2024,07-2019,female,centre-right
Stefania ZAMBELLI,197586,Italy,Identity and Democracy Group,None,Lega,2019-2024,07-2019,female,right
Marco ZANNI,124780,Italy,Identity and Democracy Group,None,Lega,2019-2024,07-2019,male,right
Marco ZULLO,125237,Italy,Renew Europe Group,None,Independent,2019-2024,07-2019,male,centre
