,fullName,country,politicalGroup,id,nationalPoliticalGroup
0,Magdalena ADAMOWICZ,Poland,Group of the European People's Party (Christian Democrats),197490,Independent
1,Asim ADEMOV,Bulgaria,Group of the European People's Party (Christian Democrats),189525,Citizens for European Development of Bulgaria
2,Isabella ADINOLFI,Italy,Group of the European People's Party (Christian Democrats),124831,Forza Italia
3,Matteo ADINOLFI,Italy,Identity and Democracy Group,197826,Lega
4,Alex AGIUS SALIBA,Malta,Group of the Progressive Alliance of Socialists and Democrats in the European Parliament,197403,Partit Laburista
5,Mazaly AGUILAR,Spain,European Conservatives and Reformists Group,198096,VOX
6,Clara AGUILERA,Spain,Group of the Progressive Alliance of Socialists and Democrats in the European Parliament,125045,Partido Socialista Obrero Español
7,Alviina ALAMETSÄ,Finland,Group of the Greens/European Free Alliance,204335,Vihreä liitto
8,João ALBUQUERQUE,Portugal,Group of the Progressive Alliance of Socialists and Democrats in the European Parliament,237224,Partido Socialista
9,Alexander ALEXANDROV YORDANOV,Bulgaria,Group of the European People's Party (Christian Democrats),197836,Union of Democratic Forces
10,François ALFONSI,France,Group of the Greens/European Free Alliance,96750,Régions et Peuples Solidaires
11,Atidzhe ALIEVA-VELI,Bulgaria,Renew Europe Group,197848,Movement for Rights and Freedoms
12,Abir AL-SAHLANI,Sweden,Renew Europe Group,197400,Centerpartiet
13,Álvaro AMARO,Portugal,Group of the European People's Party (Christian Democrats),197746,Partido Social Democrata
14,Andris AMERIKS,Latvia,Group of the Progressive Alliance of Socialists and Democrats in the European Parliament,197783,Gods kalpot Rīgai
15,Christine ANDERSON,Germany,Identity and Democracy Group,197475,Alternative für Deutschland
16,Rasmus ANDRESEN,Germany,Group of the Greens/European Free Alliance,197448,Bündnis 90/Die Grünen
17,Barry ANDREWS,Ireland,Renew Europe Group,204332,Fianna Fáil Party
18,Eric ANDRIEU,France,Group of the Progressive Alliance of Socialists and Democrats in the European Parliament,113892,Parti socialiste
19,Mathilde ANDROUËT,France,Identity and Democracy Group,197691,Rassemblement national
20,Nikos ANDROULAKIS,Greece,Group of the Progressive Alliance of Socialists and Democrats in the European Parliament,125110,PASOK-KINAL
21,Marc ANGEL,Luxembourg,Group of the Progressive Alliance of Socialists and Democrats in the European Parliament,202073,Parti ouvrier socialiste luxembourgeois
22,Gerolf ANNEMANS,Belgium,Identity and Democracy Group,124973,Vlaams Belang
23,Andrus ANSIP,Estonia,Renew Europe Group,124696,Eesti Reformierakond
24,Attila ARA-KOVÁCS,Hungary,Group of the Progressive Alliance of Socialists and Democrats in the European Parliament,197587,Demokratikus Koalíció
25,Maria ARENA,Belgium,Group of the Progressive Alliance of Socialists and Democrats in the European Parliament,124936,Parti Socialiste
26,Pablo ARIAS ECHEVERRÍA,Spain,Group of the European People's Party (Christian Democrats),96808,Partido Popular
27,Pascal ARIMONT,Belgium,Group of the European People's Party (Christian Democrats),24922,Christlich Soziale Partei
28,Bartosz ARŁUKOWICZ,Poland,Group of the European People's Party (Christian Democrats),197492,Platforma Obywatelska
29,Konstantinos ARVANITIS,Greece,The Left group in the European Parliament - GUE/NGL,197701,Coalition of the Radical Left
30,Anna-Michelle ASIMAKOPOULOU,Greece,Group of the European People's Party (Christian Democrats),197695,Nea Demokratia
31,Manon AUBRY,France,The Left group in the European Parliament - GUE/NGL,197533,La France Insoumise
32,Margrete AUKEN,Denmark,Group of the Greens/European Free Alliance,28161,Socialistisk Folkeparti
33,Petras AUŠTREVIČIUS,Lithuania,Renew Europe Group,124766,Lietuvos Respublikos liberalų sąjūdis
34,Carmen AVRAM,Romania,Group of the Progressive Alliance of Socialists and Democrats in the European Parliament,197651,Partidul Social Democrat
35,Malik AZMANI,Netherlands,Renew Europe Group,197781,Volkspartij voor Vrijheid en Democratie
36,Simona BALDASSARRE,Italy,Identity and Democracy Group,197789,Lega
37,Marek Paweł BALT,Poland,Group of the Progressive Alliance of Socialists and Democrats in the European Parliament,197495,Nowa Lewica
38,Jordan BARDELLA,France,Identity and Democracy Group,131580,Rassemblement national
39,Katarina BARLEY,Germany,Group of the Progressive Alliance of Socialists and Democrats in the European Parliament,197433,Sozialdemokratische Partei Deutschlands
40,Pietro BARTOLO,Italy,Group of the Progressive Alliance of Socialists and Democrats in the European Parliament,197808,Partito Democratico
41,Traian BĂSESCU,Romania,Group of the European People's Party (Christian Democrats),197671,Partidul Mișcarea Populară
42,Alessandra BASSO,Italy,Identity and Democracy Group,197610,Lega
43,José Ramón BAUZÁ DÍAZ,Spain,Renew Europe Group,197779,Ciudadanos – Partido de la Ciudadanía
44,Nicolas BAY,France,Non-attached Members,124760,Reconquête!
45,Gunnar BECK,Germany,Identity and Democracy Group,132191,Alternative für Deutschland
46,Nicola BEER,Germany,Renew Europe Group,197437,Freie Demokratische Partei
47,Tiziana BEGHIN,Italy,Non-attached Members,124777,Movimento 5 Stelle
48,Aurélia BEIGNEUX,France,Identity and Democracy Group,197680,Rassemblement national
49,Marek BELKA,Poland,Group of the Progressive Alliance of Socialists and Democrats in the European Parliament,197496,Nowa Lewica
50,François-Xavier BELLAMY,France,Group of the European People's Party (Christian Democrats),197534,Les Républicains
51,Adrian-Dragoş BENEA,Romania,Group of the Progressive Alliance of Socialists and Democrats in the European Parliament,197658,Partidul Social Democrat
52,Brando BENIFEI,Italy,Group of the Progressive Alliance of Socialists and Democrats in the European Parliament,124867,Partito Democratico
53,Isabel BENJUMEA BENJUMEA,Spain,Group of the European People's Party (Christian Democrats),197679,Partido Popular
54,Monika BEŇOVÁ,Slovakia,Group of the Progressive Alliance of Socialists and Democrats in the European Parliament,23868,SMER-Sociálna demokracia
55,Hildegard BENTELE,Germany,Group of the European People's Party (Christian Democrats),197408,Christlich Demokratische Union Deutschlands
56,Tom BERENDSEN,Netherlands,Group of the European People's Party (Christian Democrats),197778,Christen Democratisch Appèl
57,Lars Patrick BERG,Germany,European Conservatives and Reformists Group,197478,Bündnis Deutschland
58,Stefan BERGER,Germany,Group of the European People's Party (Christian Democrats),197410,Christlich Demokratische Union Deutschlands
59,Erik BERGKVIST,Sweden,Group of the Progressive Alliance of Socialists and Democrats in the European Parliament,197396,Arbetarepartiet- Socialdemokraterna
60,Sergio BERLATO,Italy,European Conservatives and Reformists Group,4746,Fratelli d'Italia
61,Alexander BERNHUBER,Austria,Group of the European People's Party (Christian Democrats),197648,Österreichische Volkspartei
62,Robert BIEDROŃ,Poland,Group of the Progressive Alliance of Socialists and Democrats in the European Parliament,197498,Nowa Lewica
63,Adam BIELAN,Poland,European Conservatives and Reformists Group,23788,Partia Republikańska
64,Stéphane BIJOUX,France,Renew Europe Group,197551,La République en marche
65,Izaskun BILBAO BARANDICA,Spain,Renew Europe Group,96922,Partido Nacionalista Vasco
66,Vladimír BILČÍK,Slovakia,Group of the European People's Party (Christian Democrats),197771,Slovakia – Demokrati
67,Dominique BILDE,France,Identity and Democracy Group,124771,Rassemblement national
68,Gabriele BISCHOFF,Germany,Group of the Progressive Alliance of Socialists and Democrats in the European Parliament,197435,Sozialdemokratische Partei Deutschlands
69,Benoît BITEAU,France,Group of the Greens/European Free Alliance,197512,Europe Écologie
70,Malin BJÖRK,Sweden,The Left group in the European Parliament - GUE/NGL,124992,Vänsterpartiet
71,Vasile BLAGA,Romania,Group of the European People's Party (Christian Democrats),197637,Partidul Naţional Liberal
72,Hynek BLAŠKO,Czechia,Identity and Democracy Group,197564,Svoboda a přímá demokracie
73,Vilija BLINKEVIČIŪTĖ,Lithuania,Group of the Progressive Alliance of Socialists and Democrats in the European Parliament,96681,Lietuvos socialdemokratų partija
74,Michael BLOSS,Germany,Group of the Greens/European Free Alliance,197449,Bündnis 90/Die Grünen
75,Andrea BOCSKOR,Hungary,Non-attached Members,124712,Fidesz-Magyar Polgári Szövetség-Kereszténydemokrata Néppárt
76,Damian BOESELAGER,Germany,Group of the Greens/European Free Alliance,197439,Volt
77,Ioan-Rareş BOGDAN,Romania,Group of the European People's Party (Christian Democrats),197636,Partidul Naţional Liberal
78,Franc BOGOVIČ,Slovenia,Group of the European People's Party (Christian Democrats),125004,Slovenska ljudska stranka
79,Anna BONFRISCO,Italy,Identity and Democracy Group,197788,Lega
80,Paolo BORCHIA,Italy,Identity and Democracy Group,101039,Lega
81,Biljana BORZAN,Croatia,Group of the Progressive Alliance of Socialists and Democrats in the European Parliament,112748,Socijaldemokratska partija Hrvatske
82,Marc BOTENGA,Belgium,The Left group in the European Parliament - GUE/NGL,187917,Parti du Travail de Belgique
83,Vlad-Marius BOTOŞ,Romania,Renew Europe Group,197668,Uniunea Salvați România
84,Geert BOURGEOIS,Belgium,European Conservatives and Reformists Group,197467,Nieuw-Vlaamse Alliantie
85,Gilles BOYER,France,Renew Europe Group,197577,Horizons
86,Karolin BRAUNSBERGER-REINHOLD,Germany,Group of the European People's Party (Christian Democrats),226260,Christlich Demokratische Union Deutschlands
87,Patrick BREYER,Germany,Group of the Greens/European Free Alliance,197431,Piratenpartei Deutschland
88,Milan BRGLEZ,Slovenia,Group of the Progressive Alliance of Socialists and Democrats in the European Parliament,197446,Socialni demokrati
89,Saskia BRICMONT,Belgium,Group of the Greens/European Free Alliance,197470,Ecologistes Confédérés pour l'Organisation de Luttes Originales
90,Joachim Stanisław BRUDZIŃSKI,Poland,European Conservatives and Reformists Group,197501,Prawo i Sprawiedliwość
91,Annika BRUNA,France,Identity and Democracy Group,182995,Rassemblement national
92,Sylvie BRUNET,France,Renew Europe Group,197576,Mouvement Démocrate
93,Markus BUCHHEIT,Germany,Identity and Democracy Group,128483,Alternative für Deutschland
94,Daniel BUDA,Romania,Group of the European People's Party (Christian Democrats),125012,Partidul Naţional Liberal
95,Udo BULLMANN,Germany,Group of the Progressive Alliance of Socialists and Democrats in the European Parliament,4267,Sozialdemokratische Partei Deutschlands
96,Delara BURKHARDT,Germany,Group of the Progressive Alliance of Socialists and Democrats in the European Parliament,197440,Sozialdemokratische Partei Deutschlands
97,Martin BUSCHMANN,Germany,Non-attached Members,197434,Independent
98,Cristian-Silviu BUŞOI,Romania,Group of the European People's Party (Christian Democrats),38420,Partidul Naţional Liberal
99,Reinhard BÜTIKOFER,Germany,Group of the Greens/European Free Alliance,96739,Bündnis 90/Die Grünen
100,Jorge BUXADÉ VILLALBA,Spain,European Conservatives and Reformists Group,197829,VOX
101,Jerzy BUZEK,Poland,Group of the European People's Party (Christian Democrats),28269,Platforma Obywatelska
102,Marco CAMPOMENOSI,Italy,Identity and Democracy Group,35016,Lega
103,Jordi CAÑAS,Spain,Renew Europe Group,126644,Ciudadanos – Partido de la Ciudadanía
104,Pascal CANFIN,France,Renew Europe Group,96711,Liste Renaissance
105,Damien CARÊME,France,Group of the Greens/European Free Alliance,197574,Europe Écologie
106,Isabel CARVALHAIS,Portugal,Group of the Progressive Alliance of Socialists and Democrats in the European Parliament,199996,Partido Socialista
107,Maria da Graça CARVALHO,Portugal,Group of the European People's Party (Christian Democrats),96867,Partido Social Democrata
108,David CASA,Malta,Group of the European People's Party (Christian Democrats),28122,Partit Nazzjonalista
109,Massimo CASANOVA,Italy,Identity and Democracy Group,197796,Lega
110,Daniel CASPARY,Germany,Group of the European People's Party (Christian Democrats),28219,Christlich Demokratische Union Deutschlands
111,Fabio Massimo CASTALDO,Italy,Non-attached Members,124812,Movimento 5 Stelle
112,Pilar del CASTILLO VERA,Spain,Group of the European People's Party (Christian Democrats),28390,Partido Popular
113,Anna CAVAZZINI,Germany,Group of the Greens/European Free Alliance,86793,Bündnis 90/Die Grünen
114,Susanna CECCARDI,Italy,Identity and Democracy Group,197786,Lega
115,Sara CERDAS,Portugal,Group of the Progressive Alliance of Socialists and Democrats in the European Parliament,197641,Partido Socialista
116,Catherine CHABAUD,France,Renew Europe Group,197505,Mouvement Démocrate
117,Patricia CHAGNON,France,Identity and Democracy Group,236052,Rassemblement national
118,Mohammed CHAHIM,Netherlands,Group of the Progressive Alliance of Socialists and Democrats in the European Parliament,197782,Partij van de Arbeid
119,Leila CHAIBI,France,The Left group in the European Parliament - GUE/NGL,197529,La France Insoumise
120,Dita CHARANZOVÁ,Czechia,Renew Europe Group,124708,ANO 2011
121,Olivier CHASTEL,Belgium,Renew Europe Group,197463,Mouvement Réformateur
122,Caterina CHINNICI,Italy,Group of the Progressive Alliance of Socialists and Democrats in the European Parliament,124861,Partito Democratico
123,Asger CHRISTENSEN,Denmark,Renew Europe Group,197558,"Venstre, Danmarks Liberale Parti"
124,Ilana CICUREL,France,Renew Europe Group,204416,Liste Renaissance
125,Włodzimierz CIMOSZEWICZ,Poland,Group of the Progressive Alliance of Socialists and Democrats in the European Parliament,197507,Sojusz Lewicy Demokratycznej - Unia Pracy
126,Angelo CIOCCA,Italy,Identity and Democracy Group,183793,Lega
127,Dacian CIOLOŞ,Romania,Renew Europe Group,197631,Reînnoim Proiectul European al României
128,Tudor CIUHODARU,Romania,Group of the Progressive Alliance of Socialists and Democrats in the European Parliament,197657,Partidul Social Democrat
129,Deirdre CLUNE,Ireland,Group of the European People's Party (Christian Democrats),124988,Fine Gael Party
130,Nathalie COLIN-OESTERLÉ,France,Group of the European People's Party (Christian Democrats),197536,Les centristes
131,Gilbert COLLARD,France,Non-attached Members,197683,Reconquête!
132,Lara COMI,Italy,Group of the European People's Party (Christian Democrats),96775,Forza Italia
133,Antoni COMÍN I OLIVERES,Spain,Non-attached Members,202352,Junts per Catalunya - Lliures per Europa
134,Rosanna CONTE,Italy,Identity and Democracy Group,197616,Lega
135,David CORMAND,France,Group of the Greens/European Free Alliance,197503,Europe Écologie
136,Ignazio CORRAO,Italy,Group of the Greens/European Free Alliance,124856,Independent
137,Beatrice COVASSI,Italy,Group of the Progressive Alliance of Socialists and Democrats in the European Parliament,240478,Partito Democratico
138,Andrea COZZOLINO,Italy,Non-attached Members,96880,Partito Democratico
139,Corina CREȚU,Romania,Group of the Progressive Alliance of Socialists and Democrats in the European Parliament,33997,PRO Romania
140,Katalin CSEH,Hungary,Renew Europe Group,197588,Momentum
141,Ciarán CUFFE,Ireland,Group of the Greens/European Free Alliance,197654,Green Party
142,Josianne CUTAJAR,Malta,Group of the Progressive Alliance of Socialists and Democrats in the European Parliament,197394,Partit Laburista
143,Ryszard CZARNECKI,Poland,European Conservatives and Reformists Group,28372,Prawo i Sprawiedliwość
144,Peter van DALEN,Netherlands,Group of the European People's Party (Christian Democrats),96809,ChristenUnie
145,Jakop G. DALUNDE,Sweden,Group of the Greens/European Free Alliance,183338,Miljöpartiet de gröna
146,Clare DALY,Ireland,The Left group in the European Parliament - GUE/NGL,197731,Independents for change
147,Rosa D'AMATO,Italy,Group of the Greens/European Free Alliance,124835,Independent
148,Arnaud DANJEAN,France,Group of the European People's Party (Christian Democrats),96747,Les Républicains
149,Nicola DANTI,Italy,Renew Europe Group,124821,Azione - Italia Viva
150,Maria Angela DANZÌ,Italy,Non-attached Members,239258,Movimento 5 Stelle
151,Gianantonio DA RE,Italy,Identity and Democracy Group,197608,Lega
152,Marie DAUCHY,France,Identity and Democracy Group,236050,Rassemblement national
153,Ivan DAVID,Czechia,Identity and Democracy Group,197556,Svoboda a přímá demokracie
154,Elisabetta DE BLASIS,Italy,Identity and Democracy Group,239262,Lega
155,Ilan DE BASSO,Sweden,Group of the Progressive Alliance of Socialists and Democrats in the European Parliament,228604,Arbetarepartiet- Socialdemokraterna
156,Paolo DE CASTRO,Italy,Group of the Progressive Alliance of Socialists and Democrats in the European Parliament,96891,Partito Democratico
157,Jérémy DECERLE,France,Renew Europe Group,197504,Liste L'Europe Ensemble
158,Gwendoline DELBOS-CORFIELD,France,Group of the Greens/European Free Alliance,197531,Europe Écologie
159,Andor DELI,Hungary,Non-attached Members,124714,Fidesz-Magyar Polgári Szövetség-Kereszténydemokrata Néppárt
160,Karima DELLI,France,Group of the Greens/European Free Alliance,96868,Europe Écologie
161,Filip DE MAN,Belgium,Identity and Democracy Group,197472,Vlaams Belang
162,Salvatore DE MEO,Italy,Group of the European People's Party (Christian Democrats),204333,Forza Italia
163,Özlem DEMIREL,Germany,The Left group in the European Parliament - GUE/NGL,197468,DIE LINKE.
164,Anna DEPARNAY-GRUNENBERG,Germany,Group of the Greens/European Free Alliance,197453,Bündnis 90/Die Grünen
165,Tamás DEUTSCH,Hungary,Non-attached Members,96826,Fidesz-Magyar Polgári Szövetség-Kereszténydemokrata Néppárt
166,Geoffroy DIDIER,France,Group of the European People's Party (Christian Democrats),190774,Les Républicains
167,Martina DLABAJOVÁ,Czechia,Renew Europe Group,124709,ANO 2011
168,Klára DOBREV,Hungary,Group of the Progressive Alliance of Socialists and Democrats in the European Parliament,197579,Demokratikus Koalíció
169,Christian DOLESCHAL,Germany,Group of the European People's Party (Christian Democrats),197473,Christlich-Soziale Union in Bayern e.V.
170,Anna Júlia DONÁTH,Hungary,Renew Europe Group,197595,Momentum
171,Francesca DONATO,Italy,Non-attached Members,197822,Independent
172,Herbert DORFMANN,Italy,Group of the European People's Party (Christian Democrats),96787,Südtiroler Volkspartei
173,Jarosław DUDA,Poland,Group of the European People's Party (Christian Democrats),197510,Platforma Obywatelska
174,Lena DÜPONT,Germany,Group of the European People's Party (Christian Democrats),99945,Christlich Demokratische Union Deutschlands
175,Estrella DURÁ FERRANDIS,Spain,Group of the Progressive Alliance of Socialists and Democrats in the European Parliament,198329,Partido Socialista Obrero Español
176,Pascal DURAND,France,Group of the Progressive Alliance of Socialists and Democrats in the European Parliament,124693,Liste Renaissance
177,Lucia ĎURIŠ NICHOLSONOVÁ,Slovakia,Renew Europe Group,197766,Independent
178,Angel DZHAMBAZKI,Bulgaria,European Conservatives and Reformists Group,124873,VMRO
179,Matthias ECKE,Germany,Group of the Progressive Alliance of Socialists and Democrats in the European Parliament,237465,Sozialdemokratische Partei Deutschlands
180,Christian EHLER,Germany,Group of the European People's Party (Christian Democrats),28226,Christlich Demokratische Union Deutschlands
181,Bas EICKHOUT,Netherlands,Group of the Greens/European Free Alliance,96725,GroenLinks
182,Cyrus ENGERER,Malta,Group of the Progressive Alliance of Socialists and Democrats in the European Parliament,209091,Partit Laburista
183,Cornelia ERNST,Germany,The Left group in the European Parliament - GUE/NGL,96852,DIE LINKE.
184,Engin EROGLU,Germany,Renew Europe Group,197430,Freie Wähler
185,Ismail ERTUG,Germany,Group of the Progressive Alliance of Socialists and Democrats in the European Parliament,96842,Sozialdemokratische Partei Deutschlands
186,Rosa ESTARÀS FERRAGUT,Spain,Group of the European People's Party (Christian Democrats),96811,Partido Popular
187,Agnès EVREN,France,Group of the European People's Party (Christian Democrats),197535,Les Républicains
188,Gheorghe FALCĂ,Romania,Group of the European People's Party (Christian Democrats),197649,Partidul Naţional Liberal
189,Laurence FARRENG,France,Renew Europe Group,197589,Mouvement Démocrate
190,Markus FERBER,Germany,Group of the European People's Party (Christian Democrats),1917,Christlich-Soziale Union in Bayern e.V.
191,José Manuel FERNANDES,Portugal,Group of the European People's Party (Christian Democrats),96899,Partido Social Democrata
192,Jonás FERNÁNDEZ,Spain,Group of the Progressive Alliance of Socialists and Democrats in the European Parliament,125046,Partido Socialista Obrero Español
193,Giuseppe FERRANDINO,Italy,Renew Europe Group,192634,Azione - Italia Viva
194,Laura FERRARA,Italy,Non-attached Members,124833,Movimento 5 Stelle
195,Nicolaus FEST,Germany,Identity and Democracy Group,197480,Alternative für Deutschland
196,Carlo FIDANZA,Italy,European Conservatives and Reformists Group,96810,Fratelli d'Italia
197,Pietro FIOCCHI,Italy,European Conservatives and Reformists Group,197607,Fratelli d'Italia
198,Frances FITZGERALD,Ireland,Group of the European People's Party (Christian Democrats),197720,Fine Gael Party
199,Luke Ming FLANAGAN,Ireland,The Left group in the European Parliament - GUE/NGL,124985,Independent
200,Valter FLEGO,Croatia,Renew Europe Group,197419,Istarski demokratski sabor - Dieta democratica istriana
201,Anna FOTYGA,Poland,European Conservatives and Reformists Group,28353,Prawo i Sprawiedliwość
202,Loucas FOURLAS,Cyprus,Group of the European People's Party (Christian Democrats),197414,Democratic Rally
203,Emmanouil FRAGKOS,Greece,European Conservatives and Reformists Group,198490,Elliniki Lusi-Greek Solution
204,Tomasz FRANKOWSKI,Poland,Group of the European People's Party (Christian Democrats),197513,Platforma Obywatelska
205,Cindy FRANSSEN,Belgium,Group of the European People's Party (Christian Democrats),197455,Christen-Democratisch & Vlaams
206,Romeo FRANZ,Germany,Group of the Greens/European Free Alliance,193273,Bündnis 90/Die Grünen
207,Daniel FREUND,Germany,Group of the Greens/European Free Alliance,106936,Bündnis 90/Die Grünen
208,Heléne FRITZON,Sweden,Group of the Progressive Alliance of Socialists and Democrats in the European Parliament,197391,Arbetarepartiet- Socialdemokraterna
209,Niels FUGLSANG,Denmark,Group of the Progressive Alliance of Socialists and Democrats in the European Parliament,101585,Socialdemokratiet
210,Mario FURORE,Italy,Non-attached Members,197795,Movimento 5 Stelle
211,Michael GAHLER,Germany,Group of the European People's Party (Christian Democrats),2341,Christlich Demokratische Union Deutschlands
212,Kinga GÁL,Hungary,Non-attached Members,28150,Fidesz-Magyar Polgári Szövetség-Kereszténydemokrata Néppárt
213,Malte GALLÉE,Germany,Group of the Greens/European Free Alliance,229352,Bündnis 90/Die Grünen
214,Lina GÁLVEZ MUÑOZ,Spain,Group of the Progressive Alliance of Socialists and Democrats in the European Parliament,197702,Partido Socialista Obrero Español
215,Claudia GAMON,Austria,Renew Europe Group,197632,NEOS – Das Neue Österreich
216,Gianna GANCIA,Italy,Identity and Democracy Group,197582,Lega
217,Ibán GARCÍA DEL BLANCO,Spain,Group of the Progressive Alliance of Socialists and Democrats in the European Parliament,197717,Partido Socialista Obrero Español
218,José Manuel GARCÍA-MARGALLO Y MARFIL,Spain,Group of the European People's Party (Christian Democrats),1992,Partido Popular
219,Isabel GARCÍA MUÑOZ,Spain,Group of the Progressive Alliance of Socialists and Democrats in the European Parliament,197742,Partido Socialista Obrero Español
220,Iratxe GARCÍA PÉREZ,Spain,Group of the Progressive Alliance of Socialists and Democrats in the European Parliament,28298,Partido Socialista Obrero Español
221,Eider GARDIAZABAL RUBIAL,Spain,Group of the Progressive Alliance of Socialists and Democrats in the European Parliament,96991,Partido Socialista Obrero Español
222,Jean-Paul GARRAUD,France,Identity and Democracy Group,197628,Rassemblement national
223,Matteo GAZZINI,Italy,Identity and Democracy Group,239255,Lega
224,Alexandra GEESE,Germany,Group of the Greens/European Free Alliance,183916,Bündnis 90/Die Grünen
225,Jens GEIER,Germany,Group of the Progressive Alliance of Socialists and Democrats in the European Parliament,96833,Sozialdemokratische Partei Deutschlands
226,Chiara GEMMA,Italy,European Conservatives and Reformists Group,197794,Independent
227,Giorgos GEORGIOU,Cyprus,The Left group in the European Parliament - GUE/NGL,197416,Progressive Party of Working People - Left - New Forces
228,Alexis GEORGOULIS,Greece,The Left group in the European Parliament - GUE/NGL,197819,Coalition of the Radical Left
229,Helmut GEUKING,Germany,Group of the European People's Party (Christian Democrats),197436,Familien-Partei Deutschlands
230,Vlad GHEORGHE,Romania,Renew Europe Group,209140,Uniunea Salvați România
231,Paola GHIDONI,Italy,Identity and Democracy Group,239256,Lega
232,Dino GIARRUSSO,Italy,Non-attached Members,197804,Independent
233,Jens GIESEKE,Germany,Group of the European People's Party (Christian Democrats),124807,Christlich Demokratische Union Deutschlands
234,Sunčana GLAVAK,Croatia,Group of the European People's Party (Christian Democrats),202036,Hrvatska demokratska zajednica
235,Andreas GLÜCK,Germany,Renew Europe Group,197443,Freie Demokratische Partei
236,Raphaël GLUCKSMANN,France,Group of the Progressive Alliance of Socialists and Democrats in the European Parliament,197694,Place publique
237,Charles GOERENS,Luxembourg,Renew Europe Group,840,Parti démocratique
238,Mónica Silvana GONZÁLEZ,Spain,Group of the Progressive Alliance of Socialists and Democrats in the European Parliament,197728,Partido Socialista Obrero Español
239,Nicolás GONZÁLEZ CASARES,Spain,Group of the Progressive Alliance of Socialists and Democrats in the European Parliament,197718,Partido Socialista Obrero Español
240,Esteban GONZÁLEZ PONS,Spain,Group of the European People's Party (Christian Democrats),125027,Partido Popular
241,Sandro GOZI,France,Renew Europe Group,204419,Liste Renaissance
242,Marcel de GRAAFF,Netherlands,Non-attached Members,125025,Forum voor Democratie
243,Valentino GRANT,Italy,Identity and Democracy Group,197799,Lega
244,Maria GRAPINI,Romania,Group of the Progressive Alliance of Socialists and Democrats in the European Parliament,124785,Partidul Umanist Social Liberal
245,Markéta GREGOROVÁ,Czechia,Group of the Greens/European Free Alliance,197549,PIRÁTI
246,Catherine GRISET,France,Identity and Democracy Group,94649,Rassemblement national
247,Bart GROOTHUIS,Netherlands,Renew Europe Group,197780,Volkspartij voor Vrijheid en Democratie
248,Klemen GROŠELJ,Slovenia,Renew Europe Group,197452,Gibanje Svoboda
249,Christophe GRUDLER,France,Renew Europe Group,197557,Mouvement Démocrate
250,Claude GRUFFAT,France,Group of the Greens/European Free Alliance,204420,Europe Écologie
251,Elisabetta GUALMINI,Italy,Group of the Progressive Alliance of Socialists and Democrats in the European Parliament,197618,Partito Democratico
252,Francisco GUERREIRO,Portugal,Group of the Greens/European Free Alliance,197645,Independente
253,Bernard GUETTA,France,Renew Europe Group,197543,Liste Renaissance
254,Sylvie GUILLAUME,France,Group of the Progressive Alliance of Socialists and Democrats in the European Parliament,96952,Parti socialiste
255,José GUSMÃO,Portugal,The Left group in the European Parliament - GUE/NGL,88715,Bloco de Esquerda
256,Márton GYÖNGYÖSI,Hungary,Non-attached Members,198063,Jobbik – Konzervatívok
257,Enikő GYŐRI,Hungary,Non-attached Members,96830,Fidesz-Magyar Polgári Szövetség-Kereszténydemokrata Néppárt
258,András GYÜRK,Hungary,Non-attached Members,23816,Fidesz-Magyar Polgári Szövetség-Kereszténydemokrata Néppárt
259,Svenja HAHN,Germany,Renew Europe Group,197444,Freie Demokratische Partei
260,Henrike HAHN,Germany,Group of the Greens/European Free Alliance,197457,Bündnis 90/Die Grünen
261,Roman HAIDER,Austria,Identity and Democracy Group,198176,Freiheitliche Partei Österreichs
262,Robert HAJŠEL,Slovakia,Group of the Progressive Alliance of Socialists and Democrats in the European Parliament,34578,Independent
263,Teuvo HAKKARAINEN,Finland,Identity and Democracy Group,197596,Perussuomalaiset
264,Andrzej HALICKI,Poland,Group of the European People's Party (Christian Democrats),197514,Platforma Obywatelska
265,Christophe HANSEN,Luxembourg,Group of the European People's Party (Christian Democrats),193419,Parti chrétien social luxembourgeois
266,Martin HÄUSLING,Germany,Group of the Greens/European Free Alliance,96752,Bündnis 90/Die Grünen
267,Heidi HAUTALA,Finland,Group of the Greens/European Free Alliance,2054,Vihreä liitto
268,Mircea-Gheorghe HAVA,Romania,Group of the European People's Party (Christian Democrats),197646,Partidul Naţional Liberal
269,Valérie HAYER,France,Renew Europe Group,135511,Renaissance
270,Anja HAZEKAMP,Netherlands,The Left group in the European Parliament - GUE/NGL,125023,Partij voor de Dieren
271,Hannes HEIDE,Austria,Group of the Progressive Alliance of Socialists and Democrats in the European Parliament,197682,Sozialdemokratische Partei Österreichs
272,Eero HEINÄLUOMA,Finland,Group of the Progressive Alliance of Socialists and Democrats in the European Parliament,197800,Suomen Sosialidemokraattinen Puolue/Finlands Socialdemokratiska Parti
273,Niclas HERBST,Germany,Group of the European People's Party (Christian Democrats),197412,Christlich Demokratische Union Deutschlands
274,Pierrette HERZBERGER-FOFANA,Germany,Group of the Greens/European Free Alliance,197459,Bündnis 90/Die Grünen
275,Krzysztof HETMAN,Poland,Group of the European People's Party (Christian Democrats),124895,Polskie Stronnictwo Ludowe
276,Balázs HIDVÉGHI,Hungary,Non-attached Members,124586,Fidesz-Magyar Polgári Szövetség-Kereszténydemokrata Néppárt
277,Martin HLAVÁČEK,Czechia,Renew Europe Group,197526,ANO 2011
278,Monika HOHLMEIER,Germany,Group of the European People's Party (Christian Democrats),96780,Christlich-Soziale Union in Bayern e.V.
279,Martin HOJSÍK,Slovakia,Renew Europe Group,197770,Progresívne Slovensko
280,Pär HOLMGREN,Sweden,Group of the Greens/European Free Alliance,197398,Miljöpartiet de gröna
281,György HÖLVÉNYI,Hungary,Group of the European People's Party (Christian Democrats),124715,Kereszténydemokrata Néppárt
282,Alicia HOMS GINEL,Spain,Group of the Progressive Alliance of Socialists and Democrats in the European Parliament,122978,Partido Socialista Obrero Español
283,Michiel HOOGEVEEN,Netherlands,European Conservatives and Reformists Group,218349,JA21
284,Brice HORTEFEUX,France,Group of the European People's Party (Christian Democrats),5565,Les Républicains
285,Ivo HRISTOV,Bulgaria,Group of the Progressive Alliance of Socialists and Democrats in the European Parliament,197846,Bulgarian Socialist Party
286,Danuta Maria HÜBNER,Poland,Group of the European People's Party (Christian Democrats),96779,Platforma Obywatelska
287,Laura HUHTASAARI,Finland,Identity and Democracy Group,197594,Perussuomalaiset
288,Jan HUITEMA,Netherlands,Renew Europe Group,58789,Volkspartij voor Vrijheid en Democratie
289,Ivars IJABS,Latvia,Renew Europe Group,197624,Attīstībai/Par!
290,Ladislav ILČIĆ,Croatia,European Conservatives and Reformists Group,221463,Hrvatski suverenisti
291,Evin INCIR,Sweden,Group of the Progressive Alliance of Socialists and Democrats in the European Parliament,197392,Arbetarepartiet- Socialdemokraterna
292,Sophia IN 'T VELD,Netherlands,Renew Europe Group,28266,Democraten 66
293,Yannick JADOT,France,Group of the Greens/European Free Alliance,96740,Europe Écologie
294,Peter JAHR,Germany,Group of the European People's Party (Christian Democrats),96772,Christlich Demokratische Union Deutschlands
295,Stasys JAKELIŪNAS,Lithuania,Group of the Greens/European Free Alliance,197837,Independent
296,Patryk JAKI,Poland,European Conservatives and Reformists Group,197516,Solidarna Polska Zbigniewa Ziobro
297,Jean-François JALKH,France,Identity and Democracy Group,124770,Rassemblement national
298,France JAMET,France,Identity and Democracy Group,189065,Rassemblement national
299,Lívia JÁRÓKA,Hungary,Non-attached Members,28141,Fidesz-Magyar Polgári Szövetség-Kereszténydemokrata Néppárt
300,Adam JARUBAS,Poland,Group of the European People's Party (Christian Democrats),197517,Polskie Stronnictwo Ludowe
301,Romana JERKOVIĆ,Croatia,Group of the Progressive Alliance of Socialists and Democrats in the European Parliament,112747,Socijaldemokratska partija Hrvatske
302,Agnes JONGERIUS,Netherlands,Group of the Progressive Alliance of Socialists and Democrats in the European Parliament,125021,Partij van de Arbeid
303,Virginie JORON,France,Identity and Democracy Group,197627,Rassemblement national
304,Irena JOVEVA,Slovenia,Renew Europe Group,197447,Gibanje Svoboda
305,Rasa JUKNEVIČIENĖ,Lithuania,Group of the European People's Party (Christian Democrats),197840,Tėvynės sąjunga-Lietuvos krikščionys demokratai
306,Krzysztof JURGIEL,Poland,European Conservatives and Reformists Group,197518,Prawo i Sprawiedliwość
307,Eugen JURZYCA,Slovakia,European Conservatives and Reformists Group,197767,Sloboda a Solidarita
308,Hervé JUVIN,France,Non-attached Members,197626,Rassemblement national
309,Eva KAILI,Greece,Non-attached Members,125109,Independent
310,Jarosław KALINOWSKI,Poland,Group of the European People's Party (Christian Democrats),96771,Polskie Stronnictwo Ludowe
311,Marina KALJURAND,Estonia,Group of the Progressive Alliance of Socialists and Democrats in the European Parliament,197491,Sotsiaaldemokraatlik Erakond
312,Sandra KALNIETE,Latvia,Group of the European People's Party (Christian Democrats),96934,"Partija ""VIENOTĪBA"""
313,Petra KAMMEREVERT,Germany,Group of the Progressive Alliance of Socialists and Democrats in the European Parliament,96837,Sozialdemokratische Partei Deutschlands
314,Radan KANEV,Bulgaria,Group of the European People's Party (Christian Democrats),197839,Democrats for Strong Bulgaria
315,Assita KANKO,Belgium,European Conservatives and Reformists Group,197469,Nieuw-Vlaamse Alliantie
316,Othmar KARAS,Austria,Group of the European People's Party (Christian Democrats),4246,Österreichische Volkspartei
317,Pierre KARLESKIND,France,Renew Europe Group,197585,La République en marche
318,Karin KARLSBRO,Sweden,Renew Europe Group,197401,Liberalerna
319,Karol KARSKI,Poland,European Conservatives and Reformists Group,124887,Prawo i Sprawiedliwość
320,Elsi KATAINEN,Finland,Renew Europe Group,191693,Suomen Keskusta
321,Manolis KEFALOGIANNIS,Greece,Group of the European People's Party (Christian Democrats),125068,Nea Demokratia
322,Billy KELLEHER,Ireland,Renew Europe Group,197818,Fianna Fáil Party
323,Fabienne KELLER,France,Renew Europe Group,22858,Agir - La Droite constructive
324,Ska KELLER,Germany,Group of the Greens/European Free Alliance,96734,Bündnis 90/Die Grünen
325,Seán KELLY,Ireland,Group of the European People's Party (Christian Democrats),96668,Fine Gael Party
326,Beata KEMPA,Poland,European Conservatives and Reformists Group,197519,Solidarna Polska Zbigniewa Ziobro
327,Niyazi KIZILYÜREK,Cyprus,The Left group in the European Parliament - GUE/NGL,197415,Progressive Party of Working People - Left - New Forces
328,Izabela-Helena KLOC,Poland,European Conservatives and Reformists Group,197520,Prawo i Sprawiedliwość
329,Ondřej KNOTEK,Czechia,Renew Europe Group,197528,ANO 2011
330,Łukasz KOHUT,Poland,Group of the Progressive Alliance of Socialists and Democrats in the European Parliament,197523,Nowa Lewica
331,Arba KOKALARI,Sweden,Group of the European People's Party (Christian Democrats),197406,Moderaterna
332,Petros KOKKALIS,Greece,The Left group in the European Parliament - GUE/NGL,197743,Coalition of the Radical Left
333,Marcel KOLAJA,Czechia,Group of the Greens/European Free Alliance,197546,PIRÁTI
334,Mislav KOLAKUŠIĆ,Croatia,Non-attached Members,197438,-
335,Kateřina KONEČNÁ,Czechia,The Left group in the European Parliament - GUE/NGL,23699,Komunistická strana Čech a Moravy
336,Athanasios KONSTANTINOU,Greece,Non-attached Members,197740,Independent
337,Ewa KOPACZ,Poland,Group of the European People's Party (Christian Democrats),197525,Platforma Obywatelska
338,Joanna KOPCIŃSKA,Poland,European Conservatives and Reformists Group,197530,Prawo i Sprawiedliwość
339,Moritz KÖRNER,Germany,Renew Europe Group,197445,Freie Demokratische Partei
340,Ádám KÓSA,Hungary,Non-attached Members,96829,Fidesz-Magyar Polgári Szövetség-Kereszténydemokrata Néppárt
341,Dietmar KÖSTER,Germany,Group of the Progressive Alliance of Socialists and Democrats in the European Parliament,124822,Sozialdemokratische Partei Deutschlands
342,Stelios KOULOGLOU,Greece,The Left group in the European Parliament - GUE/NGL,130833,Coalition of the Radical Left
343,Elena KOUNTOURA,Greece,The Left group in the European Parliament - GUE/NGL,197699,Coalition of the Radical Left
344,Ondřej KOVAŘÍK,Czechia,Renew Europe Group,118949,ANO 2011
345,Andrey KOVATCHEV,Bulgaria,Group of the European People's Party (Christian Democrats),97968,Citizens for European Development of Bulgaria
346,Maximilian KRAH,Germany,Identity and Democracy Group,197481,Alternative für Deutschland
347,Zdzisław KRASNODĘBSKI,Poland,European Conservatives and Reformists Group,124891,Prawo i Sprawiedliwość
348,Elżbieta KRUK,Poland,European Conservatives and Reformists Group,197532,Prawo i Sprawiedliwość
349,Andrius KUBILIUS,Lithuania,Group of the European People's Party (Christian Democrats),197843,Tėvynės sąjunga-Lietuvos krikščionys demokratai
350,Alice KUHNKE,Sweden,Group of the Greens/European Free Alliance,197395,Miljöpartiet de gröna
351,Joachim KUHS,Germany,Identity and Democracy Group,197482,Alternative für Deutschland
352,Miapetra KUMPULA-NATRI,Finland,Group of the Progressive Alliance of Socialists and Democrats in the European Parliament,124735,Suomen Sosialidemokraattinen Puolue/Finlands Socialdemokratiska Parti
353,Zbigniew KUŹMIUK,Poland,European Conservatives and Reformists Group,28389,Prawo i Sprawiedliwość
354,Stelios KYMPOUROPOULOS,Greece,Group of the European People's Party (Christian Democrats),197692,Nea Demokratia
355,Georgios KYRTSOS,Greece,Renew Europe Group,125063,Independent
356,Ilhan KYUCHYUK,Bulgaria,Renew Europe Group,124866,Movement for Rights and Freedoms
357,Jean-Lin LACAPELLE,France,Identity and Democracy Group,204421,Rassemblement national
358,Sergey LAGODINSKY,Germany,Group of the Greens/European Free Alliance,197460,Bündnis 90/Die Grünen
359,Ioannis LAGOS,Greece,Non-attached Members,197737,Independent
360,Aurore LALUCQ,France,Group of the Progressive Alliance of Socialists and Democrats in the European Parliament,197697,Place publique
361,Philippe LAMBERTS,Belgium,Group of the Greens/European Free Alliance,96648,Ecologistes Confédérés pour l'Organisation de Luttes Originales
362,Danilo Oscar LANCINI,Italy,Identity and Democracy Group,192635,Lega
363,Bernd LANGE,Germany,Group of the Progressive Alliance of Socialists and Democrats in the European Parliament,1909,Sozialdemokratische Partei Deutschlands
364,Esther de LANGE,Netherlands,Group of the European People's Party (Christian Democrats),38398,Christen Democratisch Appèl
365,Katrin LANGENSIEPEN,Germany,Group of the Greens/European Free Alliance,197461,Bündnis 90/Die Grünen
366,Pierre LARROUTUROU,France,Group of the Progressive Alliance of Socialists and Democrats in the European Parliament,197698,Nouvelle Donne
367,Camilla LAURETI,Italy,Group of the Progressive Alliance of Socialists and Democrats in the European Parliament,230085,Partito Democratico
368,Gilles LEBRETON,France,Identity and Democracy Group,124738,Rassemblement national
369,David LEGA,Sweden,Group of the European People's Party (Christian Democrats),197393,Kristdemokraterna
370,Ryszard Antoni LEGUTKO,Poland,European Conservatives and Reformists Group,96796,Prawo i Sprawiedliwość
371,Maria-Manuel LEITÃO-MARQUES,Portugal,Group of the Progressive Alliance of Socialists and Democrats in the European Parliament,197635,Partido Socialista
372,Jeroen LENAERS,Netherlands,Group of the European People's Party (Christian Democrats),95074,Christen Democratisch Appèl
373,Janusz LEWANDOWSKI,Poland,Group of the European People's Party (Christian Democrats),23781,Platforma Obywatelska
374,Miriam LEXMANN,Slovakia,Group of the European People's Party (Christian Democrats),204336,Kresťanskodemokratické hnutie
375,Bogusław LIBERADZKI,Poland,Group of the Progressive Alliance of Socialists and Democrats in the European Parliament,23768,Nowa Lewica
376,Peter LIESE,Germany,Group of the European People's Party (Christian Democrats),1927,Christlich Demokratische Union Deutschlands
377,Sylvia LIMMER,Germany,Identity and Democracy Group,197483,Alternative für Deutschland
378,Norbert LINS,Germany,Group of the European People's Party (Christian Democrats),124808,Christlich Demokratische Union Deutschlands
379,Elena LIZZI,Italy,Identity and Democracy Group,197611,Lega
380,Nathalie LOISEAU,France,Renew Europe Group,197494,Liste Renaissance
381,Morten LØKKEGAARD,Denmark,Renew Europe Group,96709,"Venstre, Danmarks Liberale Parti"
382,Javi LÓPEZ,Spain,Group of the Progressive Alliance of Socialists and Democrats in the European Parliament,125042,Partit dels Socialistes de Catalunya
383,Juan Fernando LÓPEZ AGUILAR,Spain,Group of the Progressive Alliance of Socialists and Democrats in the European Parliament,96812,Partido Socialista Obrero Español
384,Leopoldo LÓPEZ GIL,Spain,Group of the European People's Party (Christian Democrats),197777,Partido Popular
385,Antonio LÓPEZ-ISTÚRIZ WHITE,Spain,Group of the European People's Party (Christian Democrats),28399,Partido Popular
386,Karsten LUCKE,Germany,Group of the Progressive Alliance of Socialists and Democrats in the European Parliament,228286,Sozialdemokratische Partei Deutschlands
387,César LUENA,Spain,Group of the Progressive Alliance of Socialists and Democrats in the European Parliament,197721,Partido Socialista Obrero Español
388,Elżbieta Katarzyna ŁUKACIJEWSKA,Poland,Group of the European People's Party (Christian Democrats),96791,Platforma Obywatelska
389,Peter LUNDGREN,Sweden,European Conservatives and Reformists Group,124996,Sverigedemokraterna
390,Benoît LUTGEN,Belgium,Group of the European People's Party (Christian Democrats),197458,Les Engagés
391,Bergur Løkke RASMUSSEN,Denmark,Renew Europe Group,239973,"Venstre, Danmarks Liberale Parti"
392,David McALLISTER,Germany,Group of the European People's Party (Christian Democrats),124806,Christlich Demokratische Union Deutschlands
393,Chris MACMANUS,Ireland,The Left group in the European Parliament - GUE/NGL,205452,Sinn Féin
394,Jaak MADISON,Estonia,Identity and Democracy Group,197493,Eesti Konservatiivne Rahvaerakond
395,Cristina MAESTRE MARTÍN DE ALMAGRO,Spain,Group of the Progressive Alliance of Socialists and Democrats in the European Parliament,197719,Partido Socialista Obrero Español
396,Pierfrancesco MAJORINO,Italy,Group of the Progressive Alliance of Socialists and Democrats in the European Parliament,197592,Partito Democratico
397,Aušra MALDEIKIENĖ,Lithuania,Group of the European People's Party (Christian Democrats),197835,Independent
398,Adriana MALDONADO LÓPEZ,Spain,Group of the Progressive Alliance of Socialists and Democrats in the European Parliament,197735,Partido Socialista Obrero Español
399,Claudiu MANDA,Romania,Group of the Progressive Alliance of Socialists and Democrats in the European Parliament,197653,Partidul Social Democrat
400,Antonius MANDERS,Netherlands,Group of the European People's Party (Christian Democrats),4560,Christen Democratisch Appèl
401,Lukas MANDL,Austria,Group of the European People's Party (Christian Democrats),190713,Österreichische Volkspartei
402,Thierry MARIANI,France,Identity and Democracy Group,197623,Rassemblement national
403,Marian-Jean MARINESCU,Romania,Group of the European People's Party (Christian Democrats),33982,Partidul Naţional Liberal
404,Colm MARKEY,Ireland,Group of the European People's Party (Christian Democrats),209896,Fine Gael Party
405,Erik MARQUARDT,Germany,Group of the Greens/European Free Alliance,197462,Bündnis 90/Die Grünen
406,Margarida MARQUES,Portugal,Group of the Progressive Alliance of Socialists and Democrats in the European Parliament,197638,Partido Socialista
407,Pedro MARQUES,Portugal,Group of the Progressive Alliance of Socialists and Democrats in the European Parliament,197634,Partido Socialista
408,Fulvio MARTUSCIELLO,Italy,Group of the European People's Party (Christian Democrats),124828,Forza Italia
409,Marisa MATIAS,Portugal,The Left group in the European Parliament - GUE/NGL,96820,Bloco de Esquerda
410,Predrag Fred MATIĆ,Croatia,Group of the Progressive Alliance of Socialists and Democrats in the European Parliament,197441,Socijaldemokratska partija Hrvatske
411,Gabriel MATO,Spain,Group of the European People's Party (Christian Democrats),96936,Partido Popular
412,Sara MATTHIEU,Belgium,Group of the Greens/European Free Alliance,208722,Groen
413,Emmanuel MAUREL,France,The Left group in the European Parliament - GUE/NGL,24505,Gauche républicaine et socialiste
414,Costas MAVRIDES,Cyprus,Group of the Progressive Alliance of Socialists and Democrats in the European Parliament,124691,Democratic Party
415,Radka MAXOVÁ,Czechia,Group of the Progressive Alliance of Socialists and Democrats in the European Parliament,197522,Independent
416,Eva MAYDELL,Bulgaria,Group of the European People's Party (Christian Democrats),98341,Citizens for European Development of Bulgaria
417,Georg MAYER,Austria,Identity and Democracy Group,38511,Freiheitliche Partei Österreichs
418,Beata MAZUREK,Poland,European Conservatives and Reformists Group,197538,Prawo i Sprawiedliwość
419,Liudas MAŽYLIS,Lithuania,Group of the European People's Party (Christian Democrats),197841,Tėvynės sąjunga-Lietuvos krikščionys demokratai
420,Nora MEBAREK,France,Group of the Progressive Alliance of Socialists and Democrats in the European Parliament,204418,Parti socialiste
421,Vangelis MEIMARAKIS,Greece,Group of the European People's Party (Christian Democrats),197662,Nea Demokratia
422,Dace MELBĀRDE,Latvia,Group of the European People's Party (Christian Democrats),130256,"Partija ""VIENOTĪBA"""
423,Karen MELCHIOR,Denmark,Renew Europe Group,197567,Independent
424,Nuno MELO,Portugal,Group of the European People's Party (Christian Democrats),96978,Partido do Centro Democrático Social-Partido Popular
425,Marina MESURE,France,The Left group in the European Parliament - GUE/NGL,236053,La France Insoumise
426,Roberta METSOLA,Malta,Group of the European People's Party (Christian Democrats),118859,Partit Nazzjonalista
427,Tilly METZ,Luxembourg,Group of the Greens/European Free Alliance,193292,Déi Gréng - Les Verts
428,Jörg MEUTHEN,Germany,Non-attached Members,190518,Deutsche Zentrumspartei
429,Martina MICHELS,Germany,The Left group in the European Parliament - GUE/NGL,120478,DIE LINKE.
430,Iskra MIHAYLOVA,Bulgaria,Renew Europe Group,125128,Movement for Rights and Freedoms
431,Sven MIKSER,Estonia,Group of the Progressive Alliance of Socialists and Democrats in the European Parliament,197497,Sotsiaaldemokraatlik Erakond
432,Giuseppe MILAZZO,Italy,European Conservatives and Reformists Group,197824,Fratelli d'Italia
433,Francisco José MILLÁN MON,Spain,Group of the European People's Party (Christian Democrats),28400,Partido Popular
434,Leszek MILLER,Poland,Group of the Progressive Alliance of Socialists and Democrats in the European Parliament,197540,Independent
435,Eric MINARDI,France,Identity and Democracy Group,236051,Rassemblement national
436,Ana MIRANDA,Spain,Group of the Greens/European Free Alliance,24942,Bloque Nacionalista Galego
437,Alin MITUȚA,Romania,Renew Europe Group,212855,Reînnoim Proiectul European al României
438,Silvia MODIG,Finland,The Left group in the European Parliament - GUE/NGL,197805,Vasemmistoliitto
439,Csaba MOLNÁR,Hungary,Group of the Progressive Alliance of Socialists and Democrats in the European Parliament,124722,Demokratikus Koalíció
440,Cláudia MONTEIRO DE AGUIAR,Portugal,Group of the European People's Party (Christian Democrats),124734,Partido Social Democrata
441,Dolors MONTSERRAT,Spain,Group of the European People's Party (Christian Democrats),197711,Partido Popular
442,Nadine MORANO,France,Group of the European People's Party (Christian Democrats),72779,Les Républicains
443,Javier MORENO SÁNCHEZ,Spain,Group of the Progressive Alliance of Socialists and Democrats in the European Parliament,28347,Partido Socialista Obrero Español
444,Alessandra MORETTI,Italy,Group of the Progressive Alliance of Socialists and Democrats in the European Parliament,124799,Partito Democratico
445,Marlene MORTLER,Germany,Group of the European People's Party (Christian Democrats),197427,Christlich-Soziale Union in Bayern e.V.
446,Dan-Ştefan MOTREANU,Romania,Group of the European People's Party (Christian Democrats),197647,Partidul Naţional Liberal
447,Andżelika Anna MOŻDŻANOWSKA,Poland,European Conservatives and Reformists Group,197541,Prawo i Sprawiedliwość
448,Theresa BIELOWSKI,Austria,Group of the Progressive Alliance of Socialists and Democrats in the European Parliament,238674,Sozialdemokratische Partei Österreichs
449,Ulrike MÜLLER,Germany,Renew Europe Group,124862,Freie Wähler
450,Siegfried MUREŞAN,Romania,Group of the European People's Party (Christian Democrats),124802,Partidul Naţional Liberal
451,Alessandra MUSSOLINI,Italy,Group of the European People's Party (Christian Democrats),28429,Forza Italia
452,Caroline NAGTEGAAL,Netherlands,Renew Europe Group,190519,Volkspartij voor Vrijheid en Democratie
453,Javier NART,Spain,Renew Europe Group,125005,Independiente
454,Victor NEGRESCU,Romania,Group of the Progressive Alliance of Socialists and Democrats in the European Parliament,88882,Partidul Social Democrat
455,Matjaž NEMEC,Slovenia,Group of the Progressive Alliance of Socialists and Democrats in the European Parliament,233862,Socialni demokrati
456,Denis NESCI,Italy,European Conservatives and Reformists Group,239260,FRATELLI D' ITALIA
457,Hannah NEUMANN,Germany,Group of the Greens/European Free Alliance,197464,Bündnis 90/Die Grünen
458,Katarína ROTH NEVEĎALOVÁ,Slovakia,Group of the Progressive Alliance of Socialists and Democrats in the European Parliament,96653,SMER-Sociálna demokracia
459,Dan NICA,Romania,Group of the Progressive Alliance of Socialists and Democrats in the European Parliament,124784,Partidul Social Democrat
460,Angelika NIEBLER,Germany,Group of the European People's Party (Christian Democrats),4289,Christlich-Soziale Union in Bayern e.V.
461,Luděk NIEDERMAYER,Czechia,Group of the European People's Party (Christian Democrats),124701,TOP 09 a Starostové
462,Niklas NIENAß,Germany,Group of the Greens/European Free Alliance,197465,Bündnis 90/Die Grünen
463,Ville NIINISTÖ,Finland,Group of the Greens/European Free Alliance,197802,Vihreä liitto
464,Lefteris NIKOLAOU-ALAVANOS,Greece,Non-attached Members,197734,Communist Party of Greece
465,Johan NISSINEN,Sweden,European Conservatives and Reformists Group,238639,Sverigedemokraterna
466,Gheorghe-Vlad NISTOR,Romania,Group of the European People's Party (Christian Democrats),202112,Partidul Naţional Liberal
467,Maria NOICHL,Germany,Group of the Progressive Alliance of Socialists and Democrats in the European Parliament,124836,Sozialdemokratische Partei Deutschlands
468,Ljudmila NOVAK,Slovenia,Group of the European People's Party (Christian Democrats),28294,Nova Slovenija – Krščanski demokrati
469,Andrey NOVAKOV,Bulgaria,Group of the European People's Party (Christian Democrats),107212,Citizens for European Development of Bulgaria
470,Janina OCHOJSKA,Poland,Group of the European People's Party (Christian Democrats),197542,Independent
471,Jan-Christoph OETJEN,Germany,Renew Europe Group,197432,Freie Demokratische Partei
472,Carina OHLSSON,Sweden,Group of the Progressive Alliance of Socialists and Democrats in the European Parliament,237779,Arbetarepartiet- Socialdemokraterna
473,Jan OLBRYCHT,Poland,Group of the European People's Party (Christian Democrats),28288,Platforma Obywatelska
474,Juozas OLEKAS,Lithuania,Group of the Progressive Alliance of Socialists and Democrats in the European Parliament,197838,Lietuvos socialdemokratų partija
475,Philippe OLIVIER,France,Identity and Democracy Group,197687,Rassemblement national
476,Younous OMARJEE,France,The Left group in the European Parliament - GUE/NGL,30482,La France Insoumise
477,Max ORVILLE,France,Renew Europe Group,234344,Mouvement Démocrate
478,Grace O'SULLIVAN,Ireland,Group of the Greens/European Free Alliance,197889,Green Party
479,Urmas PAET,Estonia,Renew Europe Group,129073,Eesti Reformierakond
480,Maite PAGAZAURTUNDÚA,Spain,Renew Europe Group,125038,Delegación Ciudadanos Europeos
481,Alessandro PANZA,Italy,Identity and Democracy Group,99283,Lega
482,Demetris PAPADAKIS,Cyprus,Group of the Progressive Alliance of Socialists and Democrats in the European Parliament,124692,Movement for Social Democracy EDEK
483,Kostas PAPADAKIS,Greece,Non-attached Members,125093,Communist Party of Greece
484,Dimitrios PAPADIMOULIS,Greece,The Left group in the European Parliament - GUE/NGL,28586,Coalition of the Radical Left
485,Aldo PATRICIELLO,Italy,Group of the European People's Party (Christian Democrats),36392,Forza Italia
486,Jutta PAULUS,Germany,Group of the Greens/European Free Alliance,197466,Bündnis 90/Die Grünen
487,Piernicola PEDICINI,Italy,Group of the Greens/European Free Alliance,124844,Independent
488,Mauri PEKKARINEN,Finland,Renew Europe Group,197563,Suomen Keskusta
489,Mikuláš PEKSA,Czechia,Group of the Greens/European Free Alliance,197539,PIRÁTI
490,Anne-Sophie PELLETIER,France,The Left group in the European Parliament - GUE/NGL,197527,La France Insoumise
491,Tsvetelina PENKOVA,Bulgaria,Group of the Progressive Alliance of Socialists and Democrats in the European Parliament,197845,Bulgarian Socialist Party
492,Sandra PEREIRA,Portugal,The Left group in the European Parliament - GUE/NGL,197754,Partido Comunista Português
493,Lídia PEREIRA,Portugal,Group of the European People's Party (Christian Democrats),197738,Partido Social Democrata
494,Kira Marie PETER-HANSEN,Denmark,Group of the Greens/European Free Alliance,197573,Socialistisk Folkeparti
495,Morten PETERSEN,Denmark,Renew Europe Group,124872,Det Radikale Venstre
496,Pina PICIERNO,Italy,Group of the Progressive Alliance of Socialists and Democrats in the European Parliament,124846,Partito Democratico
497,Tonino PICULA,Croatia,Group of the Progressive Alliance of Socialists and Democrats in the European Parliament,112744,Socijaldemokratska partija Hrvatske
498,Markus PIEPER,Germany,Group of the European People's Party (Christian Democrats),28224,Christlich Demokratische Union Deutschlands
499,Sirpa PIETIKÄINEN,Finland,Group of the European People's Party (Christian Democrats),40599,Kansallinen Kokoomus
500,Sabrina PIGNEDOLI,Italy,Non-attached Members,197619,Movimento 5 Stelle
501,João PIMENTA LOPES,Portugal,The Left group in the European Parliament - GUE/NGL,136236,Partido Comunista Português
502,Manu PINEDA,Spain,The Left group in the European Parliament - GUE/NGL,197828,Izquierda Unida
503,Maxette PIRBAKAS,France,Non-attached Members,197629,Indépendant
504,Margarita DE LA PISA CARRIÓN,Spain,European Conservatives and Reformists Group,204414,VOX
505,Giuliano PISAPIA,Italy,Group of the Progressive Alliance of Socialists and Democrats in the European Parliament,197590,Independent
506,Dragoş PÎSLARU,Romania,Renew Europe Group,197663,Reînnoim Proiectul European al României
507,Rovana PLUMB,Romania,Group of the Progressive Alliance of Socialists and Democrats in the European Parliament,38595,Partidul Social Democrat
508,Stanislav POLČÁK,Czechia,Group of the European People's Party (Christian Democrats),124704,Starostové a nezávisli
509,Jessica POLFJÄRD,Sweden,Group of the European People's Party (Christian Democrats),197404,Moderaterna
510,Peter POLLÁK,Slovakia,Group of the European People's Party (Christian Democrats),197765,Obyčajní ľudia a nezávislé osobnosti
511,Clara PONSATÍ OBIOLS,Spain,Non-attached Members,204443,Junts per Catalunya - Lliures per Europa
512,Eva Maria POPTCHEVA,Spain,Renew Europe Group,237320,Ciudadanos – Partido de la Ciudadanía
513,Tomasz Piotr PORĘBA,Poland,European Conservatives and Reformists Group,96801,Prawo i Sprawiedliwość
514,Jiří POSPÍŠIL,Czechia,Group of the European People's Party (Christian Democrats),125706,TOP 09 a Starostové
515,Erik POULSEN,Denmark,Renew Europe Group,239972,"Venstre, Danmarks Liberale Parti"
516,Nicola PROCACCINI,Italy,European Conservatives and Reformists Group,197820,Fratelli d'Italia
517,Carles PUIGDEMONT I CASAMAJÓ,Spain,Non-attached Members,202351,Junts per Catalunya - Lliures per Europa
518,Miroslav RADAČOVSKÝ,Slovakia,Non-attached Members,197764,Slovak PATRIOT
519,Emil RADEV,Bulgaria,Group of the European People's Party (Christian Democrats),124850,Citizens for European Development of Bulgaria
520,Dennis RADTKE,Germany,Group of the European People's Party (Christian Democrats),188945,Christlich Demokratische Union Deutschlands
521,Samira RAFAELA,Netherlands,Renew Europe Group,197868,Democraten 66
522,Elżbieta RAFALSKA,Poland,European Conservatives and Reformists Group,197544,Prawo i Sprawiedliwość
523,Paulo RANGEL,Portugal,Group of the European People's Party (Christian Democrats),96903,Partido Social Democrata
524,Luisa REGIMENTI,Italy,Group of the European People's Party (Christian Democrats),197790,Forza Italia
525,Evelyn REGNER,Austria,Group of the Progressive Alliance of Socialists and Democrats in the European Parliament,96998,Sozialdemokratische Partei Österreichs
526,Sira REGO,Spain,The Left group in the European Parliament - GUE/NGL,197681,Izquierda Unida
527,Guido REIL,Germany,Identity and Democracy Group,197488,Alternative für Deutschland
528,Terry REINTKE,Germany,Group of the Greens/European Free Alliance,103381,Bündnis 90/Die Grünen
529,René REPASI,Germany,Group of the Progressive Alliance of Socialists and Democrats in the European Parliament,229839,Sozialdemokratische Partei Deutschlands
530,Karlo RESSLER,Croatia,Group of the European People's Party (Christian Democrats),197413,Hrvatska demokratska zajednica
531,Thijs REUTEN,Netherlands,Group of the Progressive Alliance of Socialists and Democrats in the European Parliament,218347,Partij van de Arbeid
532,Diana RIBA I GINER,Spain,Group of the Greens/European Free Alliance,197832,Esquerra Republicana de Catalunya
533,Frédérique RIES,Belgium,Renew Europe Group,4253,Mouvement Réformateur
534,Antonio Maria RINALDI,Italy,Identity and Democracy Group,197787,Lega
535,Catharina RINZEMA,Netherlands,Renew Europe Group,229519,Volkspartij voor Vrijheid en Democratie
536,Manuela RIPA,Germany,Group of the Greens/European Free Alliance,206158,Ökologisch-Demokratische Partei
537,Dominique RIQUET,France,Renew Europe Group,96885,Mouvement Radical Social-Libéral
538,Michèle RIVASI,France,Group of the Greens/European Free Alliance,96743,Europe Écologie
539,Jérôme RIVIÈRE,France,Non-attached Members,197615,Reconquête!
540,Franco ROBERTI,Italy,Group of the Progressive Alliance of Socialists and Democrats in the European Parliament,197801,Partito Democratico
541,Inma RODRÍGUEZ-PIÑERO,Spain,Group of the Progressive Alliance of Socialists and Democrats in the European Parliament,125043,Partido Socialista Obrero Español
542,Eugenia RODRÍGUEZ PALOP,Spain,The Left group in the European Parliament - GUE/NGL,197785,PODEMOS
543,María Soraya RODRÍGUEZ RAMOS,Spain,Renew Europe Group,4344,Ciudadanos – Partido de la Ciudadanía
544,Sándor RÓNAI,Hungary,Group of the Progressive Alliance of Socialists and Democrats in the European Parliament,197584,Demokratikus Koalíció
545,Daniela RONDINELLI,Italy,Group of the Progressive Alliance of Socialists and Democrats in the European Parliament,197792,Partito Democratico
546,Rob ROOKEN,Netherlands,European Conservatives and Reformists Group,197776,JA21
547,Dorien ROOKMAKER,Netherlands,European Conservatives and Reformists Group,204733,Meer Directe Democratie
548,Robert ROOS,Netherlands,European Conservatives and Reformists Group,197709,JA21
549,Caroline ROOSE,France,Group of the Greens/European Free Alliance,197506,Europe Écologie
550,Bronis ROPĖ,Lithuania,Group of the Greens/European Free Alliance,125214,Lietuvos valstiečių ir žaliųjų sąjunga
551,Marcos ROS SEMPERE,Spain,Group of the Progressive Alliance of Socialists and Democrats in the European Parliament,204413,Partido Socialista Obrero Español
552,André ROUGÉ,France,Identity and Democracy Group,197690,Rassemblement national
553,Bert-Jan RUISSEN,Netherlands,European Conservatives and Reformists Group,197773,Staatkundig Gereformeerde Partij
554,Domènec RUIZ DEVESA,Spain,Group of the Progressive Alliance of Socialists and Democrats in the European Parliament,127096,Partido Socialista Obrero Español
555,Bogdan RZOŃCA,Poland,European Conservatives and Reformists Group,197545,Prawo i Sprawiedliwość
556,Christian SAGARTZ,Austria,Group of the European People's Party (Christian Democrats),204368,Österreichische Volkspartei
557,Massimiliano SALINI,Italy,Group of the European People's Party (Christian Democrats),125670,Forza Italia
558,Nacho SÁNCHEZ AMOR,Spain,Group of the Progressive Alliance of Socialists and Democrats in the European Parliament,197722,Partido Socialista Obrero Español
559,Anne SANDER,France,Group of the European People's Party (Christian Democrats),24594,Les Républicains
560,Alfred SANT,Malta,Group of the Progressive Alliance of Socialists and Democrats in the European Parliament,124781,Partit Laburista
561,Isabel SANTOS,Portugal,Group of the Progressive Alliance of Socialists and Democrats in the European Parliament,197650,Partido Socialista
562,Silvia SARDONE,Italy,Identity and Democracy Group,197578,Lega
563,Petri SARVAMAA,Finland,Group of the European People's Party (Christian Democrats),112611,Kansallinen Kokoomus
564,Jacek SARYUSZ-WOLSKI,Poland,European Conservatives and Reformists Group,28297,Prawo i Sprawiedliwość
565,Mounir SATOURI,France,Group of the Greens/European Free Alliance,197500,Europe Écologie
566,Christel SCHALDEMOSE,Denmark,Group of the Progressive Alliance of Socialists and Democrats in the European Parliament,37312,Socialdemokratiet
567,Ernő SCHALLER-BAROSS,Hungary,Non-attached Members,213330,Fidesz-Magyar Polgári Szövetség-Kereszténydemokrata Néppárt
568,Andreas SCHIEDER,Austria,Group of the Progressive Alliance of Socialists and Democrats in the European Parliament,197670,Sozialdemokratische Partei Österreichs
569,Martin SCHIRDEWAN,Germany,The Left group in the European Parliament - GUE/NGL,190517,DIE LINKE.
570,Simone SCHMIEDTBAUER,Austria,Group of the European People's Party (Christian Democrats),197656,Österreichische Volkspartei
571,Christine SCHNEIDER,Germany,Group of the European People's Party (Christian Democrats),197422,Christlich Demokratische Union Deutschlands
572,Helmut SCHOLZ,Germany,The Left group in the European Parliament - GUE/NGL,96646,DIE LINKE.
573,Annie SCHREIJER-PIERIK,Netherlands,Group of the European People's Party (Christian Democrats),125030,Christen Democratisch Appèl
574,Joachim SCHUSTER,Germany,Group of the Progressive Alliance of Socialists and Democrats in the European Parliament,124837,Sozialdemokratische Partei Deutschlands
575,Andreas SCHWAB,Germany,Group of the European People's Party (Christian Democrats),28223,Christlich Demokratische Union Deutschlands
576,Ralf SEEKATZ,Germany,Group of the European People's Party (Christian Democrats),197425,Christlich Demokratische Union Deutschlands
577,Stéphane SÉJOURNÉ,France,Renew Europe Group,197508,La République en marche
578,Monica SEMEDO,Luxembourg,Renew Europe Group,197418,Indépendent
579,Nico SEMSROTT,Germany,Group of the Greens/European Free Alliance,197423,Independent
580,Günther SIDL,Austria,Group of the Progressive Alliance of Socialists and Democrats in the European Parliament,197677,Sozialdemokratische Partei Österreichs
581,Radosław SIKORSKI,Poland,Group of the European People's Party (Christian Democrats),197548,Platforma Obywatelska
582,Pedro SILVA PEREIRA,Portugal,Group of the Progressive Alliance of Socialists and Democrats in the European Parliament,124747,Partido Socialista
583,Michal ŠIMEČKA,Slovakia,Renew Europe Group,103746,Progresívne Slovensko
584,Sven SIMON,Germany,Group of the European People's Party (Christian Democrats),197426,Christlich Demokratische Union Deutschlands
585,Ivan Vilibor SINČIĆ,Croatia,Non-attached Members,197935,KLJUČ Hrvatske
586,Birgit SIPPEL,Germany,Group of the Progressive Alliance of Socialists and Democrats in the European Parliament,96932,Sozialdemokratische Partei Deutschlands
587,Sara SKYTTEDAL,Sweden,Group of the European People's Party (Christian Democrats),197390,Kristdemokraterna
588,Andrey SLABAKOV,Bulgaria,European Conservatives and Reformists Group,197849,VMRO
589,Massimiliano SMERIGLIO,Italy,Group of the Progressive Alliance of Socialists and Democrats in the European Parliament,197791,Partito Democratico
590,Vincenzo SOFO,Italy,European Conservatives and Reformists Group,204334,Fratelli d'Italia
591,Michaela ŠOJDROVÁ,Czechia,Group of the European People's Party (Christian Democrats),124710,Křesťanská a demokratická unie - Československá strana lidová
592,Tomislav SOKOL,Croatia,Group of the European People's Party (Christian Democrats),197417,Hrvatska demokratska zajednica
593,Jordi SOLÉ,Spain,Group of the Greens/European Free Alliance,185974,Esquerra Republicana de Catalunya
594,Susana SOLÍS PÉREZ,Spain,Renew Europe Group,197784,Ciudadanos – Partido de la Ciudadanía
595,Martin SONNEBORN,Germany,Non-attached Members,124834,Die PARTEI
596,Sylwia SPUREK,Poland,Group of the Greens/European Free Alliance,197550,Independent
597,Maria SPYRAKI,Greece,Group of the European People's Party (Christian Democrats),125064,Nea Demokratia
598,Raffaele STANCANELLI,Italy,European Conservatives and Reformists Group,197825,Fratelli d'Italia
599,Sergei STANISHEV,Bulgaria,Group of the Progressive Alliance of Socialists and Democrats in the European Parliament,124852,Bulgarian Socialist Party
600,Eleni STAVROU,Cyprus,Group of the European People's Party (Christian Democrats),239271,Democratic Rally
601,Ivan ŠTEFANEC,Slovakia,Group of the European People's Party (Christian Democrats),124929,Kresťanskodemokratické hnutie
602,Nicolae ŞTEFĂNUȚĂ,Romania,Group of the Greens/European Free Alliance,58766,Uniunea Salvați România
603,Tineke STRIK,Netherlands,Group of the Greens/European Free Alliance,197772,GroenLinks
604,Ramona STRUGARIU,Romania,Renew Europe Group,134605,Reînnoim Proiectul European al României
605,Beata SZYDŁO,Poland,European Conservatives and Reformists Group,197553,Prawo i Sprawiedliwość
606,Paul TANG,Netherlands,Group of the Progressive Alliance of Socialists and Democrats in the European Parliament,125020,Partij van de Arbeid
607,Marc TARABELLA,Belgium,Non-attached Members,29579,Parti Socialiste
608,Dominik TARCZYŃSKI,Poland,European Conservatives and Reformists Group,204346,Prawo i Sprawiedliwość
609,Annalisa TARDINO,Italy,Identity and Democracy Group,197806,Lega
610,Vera TAX,Netherlands,Group of the Progressive Alliance of Socialists and Democrats in the European Parliament,197756,Partij van de Arbeid
611,Cristian TERHEŞ,Romania,European Conservatives and Reformists Group,197655,Partidul Național Țărănesc Creștin Democrat
612,Riho TERRAS,Estonia,Group of the European People's Party (Christian Democrats),204449,Isamaa
613,Hermann TERTSCH,Spain,European Conservatives and Reformists Group,197831,VOX
614,Barbara THALER,Austria,Group of the European People's Party (Christian Democrats),197667,Österreichische Volkspartei
615,Róża THUN UND HOHENSTEIN,Poland,Renew Europe Group,96776,Polska 2050
616,Irene TINAGLI,Italy,Group of the Progressive Alliance of Socialists and Democrats in the European Parliament,197591,Partito Democratico
617,Tomas TOBÉ,Sweden,Group of the European People's Party (Christian Democrats),197402,Moderaterna
618,Grzegorz TOBISZOWSKI,Poland,European Conservatives and Reformists Group,197559,Prawo i Sprawiedliwość
619,Patrizia TOIA,Italy,Group of the Progressive Alliance of Socialists and Democrats in the European Parliament,28340,Partito Democratico
620,Irène TOLLERET,France,Renew Europe Group,197547,Liste Renaissance
621,Eugen TOMAC,Romania,Group of the European People's Party (Christian Democrats),197672,Partidul Mișcarea Populară
622,Waldemar TOMASZEWSKI,Lithuania,European Conservatives and Reformists Group,96697,Lietuvos lenkų rinkimų akcija – Krikščioniškų šeimų sąjunga
623,Romana TOMC,Slovenia,Group of the European People's Party (Christian Democrats),125104,Slovenska demokratska stranka
624,Yana TOOM,Estonia,Renew Europe Group,124700,Eesti Keskerakond
625,Nils TORVALDS,Finland,Renew Europe Group,114268,Svenska folkpartiet
626,Evžen TOŠENOVSKÝ,Czechia,European Conservatives and Reformists Group,96713,Občanská demokratická strana
627,Edina TÓTH,Hungary,Non-attached Members,27714,Fidesz-Magyar Polgári Szövetség-Kereszténydemokrata Néppárt
628,Marie TOUSSAINT,France,Group of the Greens/European Free Alliance,97236,Europe Écologie
629,Isabella TOVAGLIERI,Italy,Identity and Democracy Group,197580,Lega
630,Véronique TRILLET-LENOIR,France,Renew Europe Group,197593,Liste Renaissance
631,László TRÓCSÁNYI,Hungary,Non-attached Members,197894,Fidesz-Magyar Polgári Szövetség-Kereszténydemokrata Néppárt
632,Dragoş TUDORACHE,Romania,Renew Europe Group,197665,Reînnoim Proiectul European al României
633,Mihai TUDOSE,Romania,Group of the Progressive Alliance of Socialists and Democrats in the European Parliament,198183,Partidul Social Democrat
634,Milan UHRÍK,Slovakia,Non-attached Members,197763,Hnutie Republika
635,István UJHELYI,Hungary,Group of the Progressive Alliance of Socialists and Democrats in the European Parliament,124705,Magyar Szocialista Párt
636,Miguel URBÁN CRESPO,Spain,The Left group in the European Parliament - GUE/NGL,131507,ANTICAPITALISTAS
637,Ernest URTASUN,Spain,Group of the Greens/European Free Alliance,124972,Catalunya en Comú
638,Nils UŠAKOVS,Latvia,Group of the Progressive Alliance of Socialists and Democrats in the European Parliament,197810,"""Saskaņa"" sociāldemokrātiskā partija"
639,Viktor USPASKICH,Lithuania,Non-attached Members,96698,Darbo partija
640,Inese VAIDERE,Latvia,Group of the European People's Party (Christian Democrats),28617,"Partija ""VIENOTĪBA"""
641,Monika VANA,Austria,Group of the Greens/European Free Alliance,124934,Die Grünen - Die Grüne Alternative
642,Kathleen VAN BREMPT,Belgium,Group of the Progressive Alliance of Socialists and Democrats in the European Parliament,5729,Vooruit
643,Tom VANDENDRIESSCHE,Belgium,Identity and Democracy Group,185771,Vlaams Belang
644,Tom VANDENKENDELAERE,Belgium,Group of the European People's Party (Christian Democrats),129164,Christen-Democratisch & Vlaams
645,Johan VAN OVERTVELDT,Belgium,European Conservatives and Reformists Group,125106,Nieuw-Vlaamse Alliantie
646,Kim VAN SPARRENTAK,Netherlands,Group of the Greens/European Free Alliance,197870,GroenLinks
647,Achille VARIATI,Italy,Group of the Progressive Alliance of Socialists and Democrats in the European Parliament,239257,Partito Democratico
648,Hilde VAUTMANS,Belgium,Renew Europe Group,130100,Open Vlaamse Liberalen en Democraten
649,Marie-Pierre VEDRENNE,France,Renew Europe Group,197502,Mouvement Démocrate
650,Sabine VERHEYEN,Germany,Group of the European People's Party (Christian Democrats),96756,Christlich Demokratische Union Deutschlands
651,Guy VERHOFSTADT,Belgium,Renew Europe Group,97058,Open Vlaamse Liberalen en Democraten
652,Harald VILIMSKY,Austria,Identity and Democracy Group,125001,Freiheitliche Partei Österreichs
653,Idoia VILLANUEVA RUIZ,Spain,The Left group in the European Parliament - GUE/NGL,197827,PODEMOS
654,Nikolaj VILLUMSEN,Denmark,The Left group in the European Parliament - GUE/NGL,197571,Enhedslisten
655,Loránt VINCZE,Romania,Group of the European People's Party (Christian Democrats),98582,Uniunea Democrată Maghiară din România
656,Marianne VIND,Denmark,Group of the Progressive Alliance of Socialists and Democrats in the European Parliament,199941,Socialdemokratiet
657,Henna VIRKKUNEN,Finland,Group of the European People's Party (Christian Democrats),124726,Kansallinen Kokoomus
658,Anders VISTISEN,Denmark,Identity and Democracy Group,124875,Dansk Folkeparti
659,Petar VITANOV,Bulgaria,Group of the Progressive Alliance of Socialists and Democrats in the European Parliament,197844,Bulgarian Socialist Party
660,Viola VON CRAMON-TAUBADEL,Germany,Group of the Greens/European Free Alliance,197451,Bündnis 90/Die Grünen
661,Alexandr VONDRA,Czechia,European Conservatives and Reformists Group,197537,Občanská demokratická strana
662,Axel VOSS,Germany,Group of the European People's Party (Christian Democrats),96761,Christlich Demokratische Union Deutschlands
663,Elissavet VOZEMBERG-VRIONIDI,Greece,Group of the European People's Party (Christian Democrats),125065,Nea Demokratia
664,Veronika VRECIONOVÁ,Czechia,European Conservatives and Reformists Group,197552,Občanská demokratická strana
665,Lucia VUOLO,Italy,Group of the European People's Party (Christian Democrats),197798,Forza Italia
666,Adrián VÁZQUEZ LÁZARA,Spain,Renew Europe Group,204400,Ciudadanos – Partido de la Ciudadanía
667,Thomas WAITZ,Austria,Group of the Greens/European Free Alliance,190464,Die Grünen - Die Grüne Alternative
668,Mick WALLACE,Ireland,The Left group in the European Parliament - GUE/NGL,197817,Independents for change
669,Maria WALSH,Ireland,Group of the European People's Party (Christian Democrats),197863,Fine Gael Party
670,Marion WALSMANN,Germany,Group of the European People's Party (Christian Democrats),197429,Christlich Demokratische Union Deutschlands
671,Jörgen WARBORN,Sweden,Group of the European People's Party (Christian Democrats),197405,Moderaterna
672,Witold Jan WASZCZYKOWSKI,Poland,European Conservatives and Reformists Group,197566,Prawo i Sprawiedliwość
673,Manfred WEBER,Germany,Group of the European People's Party (Christian Democrats),28229,Christlich-Soziale Union in Bayern e.V.
674,Charlie WEIMERS,Sweden,European Conservatives and Reformists Group,123562,Sverigedemokraterna
675,Pernille WEISS,Denmark,Group of the European People's Party (Christian Democrats),197515,Det Konservative Folkeparti
676,Rainer WIELAND,Germany,Group of the European People's Party (Christian Democrats),2323,Christlich Demokratische Union Deutschlands
677,Sarah WIENER,Austria,Group of the Greens/European Free Alliance,197675,Die Grünen - Die Grüne Alternative
678,Emma WIESNER,Sweden,Renew Europe Group,214839,Centerpartiet
679,Michal WIEZIK,Slovakia,Renew Europe Group,197769,Progresívne Slovensko
680,Iuliu WINKLER,Romania,Group of the European People's Party (Christian Democrats),39725,Uniunea Democrată Maghiară din România
681,Angelika WINZIG,Austria,Group of the European People's Party (Christian Democrats),197652,Österreichische Volkspartei
682,Isabel WISELER-LIMA,Luxembourg,Group of the European People's Party (Christian Democrats),197421,Parti chrétien social luxembourgeois
683,Jadwiga WIŚNIEWSKA,Poland,European Conservatives and Reformists Group,124877,Prawo i Sprawiedliwość
684,Tiemo WÖLKEN,Germany,Group of the Progressive Alliance of Socialists and Democrats in the European Parliament,185619,Sozialdemokratische Partei Deutschlands
685,Lara WOLTERS,Netherlands,Group of the Progressive Alliance of Socialists and Democrats in the European Parliament,5392,Partij van de Arbeid
686,Salima YENBOU,France,Renew Europe Group,197511,Renaissance
687,Stéphanie YON-COURTIN,France,Renew Europe Group,197581,Liste Renaissance
688,Elena YONCHEVA,Bulgaria,Group of the Progressive Alliance of Socialists and Democrats in the European Parliament,197842,Bulgarian Socialist Party
689,Theodoros ZAGORAKIS,Greece,Group of the European People's Party (Christian Democrats),125067,Nea Demokratia
690,Jan ZAHRADIL,Czechia,European Conservatives and Reformists Group,23712,Občanská demokratická strana
691,Anna ZALEWSKA,Poland,European Conservatives and Reformists Group,197572,Prawo i Sprawiedliwość
692,Stefania ZAMBELLI,Italy,Identity and Democracy Group,197586,Lega
693,Marco ZANNI,Italy,Identity and Democracy Group,124780,Lega
694,Javier ZARZALEJOS,Spain,Group of the European People's Party (Christian Democrats),197606,Partido Popular
695,Tatjana ŽDANOKA,Latvia,Non-attached Members,28619,Latvijas Krievu savienība
696,Tomáš ZDECHOVSKÝ,Czechia,Group of the European People's Party (Christian Democrats),124713,Křesťanská a demokratická unie - Československá strana lidová
697,Roberts ZĪLE,Latvia,European Conservatives and Reformists Group,28615,"Nacionālā apvienība ""Visu Latvijai!""-""Tēvzemei un Brīvībai/LNNK"""
698,Bernhard ZIMNIOK,Germany,Identity and Democracy Group,197489,Alternative für Deutschland
699,Kosma ZŁOTOWSKI,Poland,European Conservatives and Reformists Group,124884,Prawo i Sprawiedliwość
700,Juan Ignacio ZOIDO ÁLVAREZ,Spain,Group of the European People's Party (Christian Democrats),197621,Partido Popular
701,Carlos ZORRINHO,Portugal,Group of the Progressive Alliance of Socialists and Democrats in the European Parliament,124739,Partido Socialista
702,Željana ZOVKO,Croatia,Group of the European People's Party (Christian Democrats),185341,Hrvatska demokratska zajednica
703,Marco ZULLO,Italy,Renew Europe Group,125237,Independent
704,Milan ZVER,Slovenia,Group of the European People's Party (Christian Democrats),96933,Slovenska demokratska stranka
