fullName,country,eu_group_1,id,nation_group,term,eu_group_2,start_period_1,gender
Magdalena ADAMOWICZ,Poland,Group of the European People's Party (Christian Democrats),197490,Independent,2019-2024,None,07-2019,female
Asim ADEMOV,Bulgaria,Group of the European People's Party (Christian Democrats),189525,Citizens for European Development of Bulgaria,2019-2024,None,07-2019,male
Isabella ADINOLFI,Italy,Group of the European People's Party (Christian Democrats),124831,Forza Italia,2019-2024,None,07-2019,female
Matteo ADINOLFI,Italy,Identity and Democracy Group,197826,Lega,2019-2024,None,07-2019,male
Alex AGIUS SALIBA,Malta,Group of the Progressive Alliance of Socialists and Democrats in the European Parliament,197403,Partit Laburista,2019-2024,None,07-2019,male
Clara AGUILERA,Spain,Group of the Progressive Alliance of Socialists and Democrats in the European Parliament,125045,Partido Socialista Obrero Español,2019-2024,None,07-2019,female
Alviina ALAMETSÄ,Finland,Group of the Greens/European Free Alliance,204335,Vihreä liitto,2019-2024,None,07-2019,female
João ALBUQUERQUE,Portugal,Group of the Progressive Alliance of Socialists and Democrats in the European Parliament,237224,Partido Socialista,2019-2024,None,07-2019,male
Alexander ALEXANDROV YORDANOV,Bulgaria,Group of the European People's Party (Christian Democrats),197836,Union of Democratic Forces,2019-2024,None,07-2019,male
François ALFONSI,France,Group of the Greens/European Free Alliance,96750,Régions et Peuples Solidaires,2019-2024,None,07-2019,male
Abir AL-SAHLANI,Sweden,Renew Europe Group,197400,Centerpartiet,2019-2024,None,07-2019,female
Álvaro AMARO,Portugal,Group of the European People's Party (Christian Democrats),197746,Partido Social Democrata,2019-2024,None,07-2019,male
Andris AMERIKS,Latvia,Group of the Progressive Alliance of Socialists and Democrats in the European Parliament,197783,Gods kalpot Rīgai,2019-2024,None,07-2019,male
Christine ANDERSON,Germany,Identity and Democracy Group,197475,Alternative für Deutschland,2019-2024,None,07-2019,female
Rasmus ANDRESEN,Germany,Group of the Greens/European Free Alliance,197448,Bündnis 90/Die Grünen,2019-2024,None,07-2019,male
Barry ANDREWS,Ireland,Renew Europe Group,204332,Fianna Fáil Party,2019-2024,None,07-2019,male
Eric ANDRIEU,France,Group of the Progressive Alliance of Socialists and Democrats in the European Parliament,113892,Parti socialiste,2019-2024,None,07-2019,male
Mathilde ANDROUËT,France,Identity and Democracy Group,197691,Rassemblement national,2019-2024,None,07-2019,female
Nikos ANDROULAKIS,Greece,Group of the Progressive Alliance of Socialists and Democrats in the European Parliament,125110,PASOK-KINAL,2019-2024,None,07-2019,male
Marc ANGEL,Luxembourg,Group of the Progressive Alliance of Socialists and Democrats in the European Parliament,202073,Parti ouvrier socialiste luxembourgeois,2019-2024,None,07-2019,male
Gerolf ANNEMANS,Belgium,Identity and Democracy Group,124973,Vlaams Belang,2019-2024,None,07-2019,male
Andrus ANSIP,Estonia,Renew Europe Group,124696,Eesti Reformierakond,2019-2024,None,07-2019,male
Attila ARA-KOVÁCS,Hungary,Group of the Progressive Alliance of Socialists and Democrats in the European Parliament,197587,Demokratikus Koalíció,2019-2024,None,07-2019,male
Maria ARENA,Belgium,Group of the Progressive Alliance of Socialists and Democrats in the European Parliament,124936,Parti Socialiste,2019-2024,None,07-2019,female
Pablo ARIAS ECHEVERRÍA,Spain,Group of the European People's Party (Christian Democrats),96808,Partido Popular,2019-2024,None,07-2019,male
Pascal ARIMONT,Belgium,Group of the European People's Party (Christian Democrats),24922,Christlich Soziale Partei,2019-2024,None,07-2019,male
Bartosz ARŁUKOWICZ,Poland,Group of the European People's Party (Christian Democrats),197492,Platforma Obywatelska,2019-2024,None,07-2019,male
Konstantinos ARVANITIS,Greece,The Left group in the European Parliament - GUE/NGL,197701,Coalition of the Radical Left,2019-2024,None,07-2019,male
Anna-Michelle ASIMAKOPOULOU,Greece,Group of the European People's Party (Christian Democrats),197695,Nea Demokratia,2019-2024,None,07-2019,female
Manon AUBRY,France,The Left group in the European Parliament - GUE/NGL,197533,La France Insoumise,2019-2024,None,07-2019,female
Margrete AUKEN,Denmark,Group of the Greens/European Free Alliance,28161,Socialistisk Folkeparti,2019-2024,None,07-2019,female
Petras AUŠTREVIČIUS,Lithuania,Renew Europe Group,124766,Lietuvos Respublikos liberalų sąjūdis,2019-2024,None,07-2019,male
Carmen AVRAM,Romania,Group of the Progressive Alliance of Socialists and Democrats in the European Parliament,197651,Partidul Social Democrat,2019-2024,None,07-2019,female
Malik AZMANI,Netherlands,Renew Europe Group,197781,Volkspartij voor Vrijheid en Democratie,2019-2024,None,07-2019,male
Simona BALDASSARRE,Italy,Identity and Democracy Group,197789,Lega,2019-2024,None,07-2019,female
Marek Paweł BALT,Poland,Group of the Progressive Alliance of Socialists and Democrats in the European Parliament,197495,Nowa Lewica,2019-2024,None,07-2019,male
Jordan BARDELLA,France,Identity and Democracy Group,131580,Rassemblement national,2019-2024,None,07-2019,male
Katarina BARLEY,Germany,Group of the Progressive Alliance of Socialists and Democrats in the European Parliament,197433,Sozialdemokratische Partei Deutschlands,2019-2024,None,07-2019,female
Pietro BARTOLO,Italy,Group of the Progressive Alliance of Socialists and Democrats in the European Parliament,197808,Partito Democratico,2019-2024,None,07-2019,male
Traian BĂSESCU,Romania,Group of the European People's Party (Christian Democrats),197671,Partidul Mișcarea Populară,2019-2024,None,07-2019,male
Alessandra BASSO,Italy,Identity and Democracy Group,197610,Lega,2019-2024,None,07-2019,female
José Ramón BAUZÁ DÍAZ,Spain,Renew Europe Group,197779,Ciudadanos – Partido de la Ciudadanía,2019-2024,None,07-2019,male
Nicolas BAY,France,Non-attached Members,124760,Reconquête!,2019-2024,None,07-2019,male
Gunnar BECK,Germany,Identity and Democracy Group,132191,Alternative für Deutschland,2019-2024,None,07-2019,male
Nicola BEER,Germany,Renew Europe Group,197437,Freie Demokratische Partei,2019-2024,None,07-2019,male
Tiziana BEGHIN,Italy,Non-attached Members,124777,Movimento 5 Stelle,2019-2024,None,07-2019,female
Aurélia BEIGNEUX,France,Identity and Democracy Group,197680,Rassemblement national,2019-2024,None,07-2019,female
Marek BELKA,Poland,Group of the Progressive Alliance of Socialists and Democrats in the European Parliament,197496,Nowa Lewica,2019-2024,None,07-2019,male
François-Xavier BELLAMY,France,Group of the European People's Party (Christian Democrats),197534,Les Républicains,2019-2024,None,07-2019,male
Brando BENIFEI,Italy,Group of the Progressive Alliance of Socialists and Democrats in the European Parliament,124867,Partito Democratico,2019-2024,None,07-2019,male
Isabel BENJUMEA BENJUMEA,Spain,Group of the European People's Party (Christian Democrats),197679,Partido Popular,2019-2024,None,07-2019,female
Monika BEŇOVÁ,Slovakia,Group of the Progressive Alliance of Socialists and Democrats in the European Parliament,23868,SMER-Sociálna demokracia,2019-2024,None,07-2019,female
Hildegard BENTELE,Germany,Group of the European People's Party (Christian Democrats),197408,Christlich Demokratische Union Deutschlands,2019-2024,None,07-2019,female
Tom BERENDSEN,Netherlands,Group of the European People's Party (Christian Democrats),197778,Christen Democratisch Appèl,2019-2024,None,07-2019,male
Lars Patrick BERG,Germany,European Conservatives and Reformists Group,197478,Bündnis Deutschland,2019-2024,None,07-2019,male
Stefan BERGER,Germany,Group of the European People's Party (Christian Democrats),197410,Christlich Demokratische Union Deutschlands,2019-2024,None,07-2019,male
Erik BERGKVIST,Sweden,Group of the Progressive Alliance of Socialists and Democrats in the European Parliament,197396,Arbetarepartiet- Socialdemokraterna,2019-2024,None,07-2019,male
Sergio BERLATO,Italy,European Conservatives and Reformists Group,4746,Fratelli d'Italia,2019-2024,None,07-2019,male
Alexander BERNHUBER,Austria,Group of the European People's Party (Christian Democrats),197648,Österreichische Volkspartei,2019-2024,None,07-2019,male
Robert BIEDROŃ,Poland,Group of the Progressive Alliance of Socialists and Democrats in the European Parliament,197498,Nowa Lewica,2019-2024,None,07-2019,male
Adam BIELAN,Poland,European Conservatives and Reformists Group,23788,Partia Republikańska,2019-2024,None,07-2019,male
Stéphane BIJOUX,France,Renew Europe Group,197551,La République en marche,2019-2024,None,07-2019,male
Izaskun BILBAO BARANDICA,Spain,Renew Europe Group,96922,Partido Nacionalista Vasco,2019-2024,None,07-2019,female
Vladimír BILČÍK,Slovakia,Group of the European People's Party (Christian Democrats),197771,Slovakia – Demokrati,2019-2024,None,07-2019,male
Dominique BILDE,France,Identity and Democracy Group,124771,Rassemblement national,2019-2024,None,07-2019,male
Gabriele BISCHOFF,Germany,Group of the Progressive Alliance of Socialists and Democrats in the European Parliament,197435,Sozialdemokratische Partei Deutschlands,2019-2024,None,07-2019,male
Benoît BITEAU,France,Group of the Greens/European Free Alliance,197512,Europe Écologie,2019-2024,None,07-2019,male
Malin BJÖRK,Sweden,The Left group in the European Parliament - GUE/NGL,124992,Vänsterpartiet,2019-2024,None,07-2019,female
Vasile BLAGA,Romania,Group of the European People's Party (Christian Democrats),197637,Partidul Naţional Liberal,2019-2024,None,07-2019,male
Hynek BLAŠKO,Czechia,Identity and Democracy Group,197564,Svoboda a přímá demokracie,2019-2024,None,07-2019,male
Vilija BLINKEVIČIŪTĖ,Lithuania,Group of the Progressive Alliance of Socialists and Democrats in the European Parliament,96681,Lietuvos socialdemokratų partija,2019-2024,None,07-2019,female
Michael BLOSS,Germany,Group of the Greens/European Free Alliance,197449,Bündnis 90/Die Grünen,2019-2024,None,07-2019,male
Andrea BOCSKOR,Hungary,Non-attached Members,124712,Fidesz-Magyar Polgári Szövetség-Kereszténydemokrata Néppárt,2019-2024,None,07-2019,female
Damian BOESELAGER,Germany,Group of the Greens/European Free Alliance,197439,Volt,2019-2024,None,07-2019,male
Franc BOGOVIČ,Slovenia,Group of the European People's Party (Christian Democrats),125004,Slovenska ljudska stranka,2019-2024,None,07-2019,male
Anna BONFRISCO,Italy,Identity and Democracy Group,197788,Lega,2019-2024,None,07-2019,female
Paolo BORCHIA,Italy,Identity and Democracy Group,101039,Lega,2019-2024,None,07-2019,male
Biljana BORZAN,Croatia,Group of the Progressive Alliance of Socialists and Democrats in the European Parliament,112748,Socijaldemokratska partija Hrvatske,2019-2024,None,07-2019,female
Marc BOTENGA,Belgium,The Left group in the European Parliament - GUE/NGL,187917,Parti du Travail de Belgique,2019-2024,None,07-2019,male
Vlad-Marius BOTOŞ,Romania,Renew Europe Group,197668,Uniunea Salvați România,2019-2024,None,07-2019,male
Geert BOURGEOIS,Belgium,European Conservatives and Reformists Group,197467,Nieuw-Vlaamse Alliantie,2019-2024,None,07-2019,male
Gilles BOYER,France,Renew Europe Group,197577,Horizons,2019-2024,None,07-2019,male
Karolin BRAUNSBERGER-REINHOLD,Germany,Group of the European People's Party (Christian Democrats),226260,Christlich Demokratische Union Deutschlands,2019-2024,None,07-2019,female
Patrick BREYER,Germany,Group of the Greens/European Free Alliance,197431,Piratenpartei Deutschland,2019-2024,None,07-2019,male
Milan BRGLEZ,Slovenia,Group of the Progressive Alliance of Socialists and Democrats in the European Parliament,197446,Socialni demokrati,2019-2024,None,07-2019,male
Saskia BRICMONT,Belgium,Group of the Greens/European Free Alliance,197470,Ecologistes Confédérés pour l'Organisation de Luttes Originales,2019-2024,None,07-2019,female
Joachim Stanisław BRUDZIŃSKI,Poland,European Conservatives and Reformists Group,197501,Prawo i Sprawiedliwość,2019-2024,None,07-2019,male
Annika BRUNA,France,Identity and Democracy Group,182995,Rassemblement national,2019-2024,None,07-2019,female
Sylvie BRUNET,France,Renew Europe Group,197576,Mouvement Démocrate,2019-2024,None,07-2019,female
Markus BUCHHEIT,Germany,Identity and Democracy Group,128483,Alternative für Deutschland,2019-2024,None,07-2019,male
Daniel BUDA,Romania,Group of the European People's Party (Christian Democrats),125012,Partidul Naţional Liberal,2019-2024,None,07-2019,male
Udo BULLMANN,Germany,Group of the Progressive Alliance of Socialists and Democrats in the European Parliament,4267,Sozialdemokratische Partei Deutschlands,2019-2024,None,07-2019,male
Delara BURKHARDT,Germany,Group of the Progressive Alliance of Socialists and Democrats in the European Parliament,197440,Sozialdemokratische Partei Deutschlands,2019-2024,None,07-2019,female
Martin BUSCHMANN,Germany,Non-attached Members,197434,Independent,2019-2024,None,07-2019,male
Cristian-Silviu BUŞOI,Romania,Group of the European People's Party (Christian Democrats),38420,Partidul Naţional Liberal,2019-2024,None,07-2019,male
Reinhard BÜTIKOFER,Germany,Group of the Greens/European Free Alliance,96739,Bündnis 90/Die Grünen,2019-2024,None,07-2019,male
Jorge BUXADÉ VILLALBA,Spain,European Conservatives and Reformists Group,197829,VOX,2019-2024,None,07-2019,male
Jerzy BUZEK,Poland,Group of the European People's Party (Christian Democrats),28269,Platforma Obywatelska,2019-2024,None,07-2019,male
Marco CAMPOMENOSI,Italy,Identity and Democracy Group,35016,Lega,2019-2024,None,07-2019,male
Jordi CAÑAS,Spain,Renew Europe Group,126644,Ciudadanos – Partido de la Ciudadanía,2019-2024,None,07-2019,male
Pascal CANFIN,France,Renew Europe Group,96711,Liste Renaissance,2019-2024,None,07-2019,male
Damien CARÊME,France,Group of the Greens/European Free Alliance,197574,Europe Écologie,2019-2024,None,07-2019,male
Isabel CARVALHAIS,Portugal,Group of the Progressive Alliance of Socialists and Democrats in the European Parliament,199996,Partido Socialista,2019-2024,None,07-2019,female
Maria da Graça CARVALHO,Portugal,Group of the European People's Party (Christian Democrats),96867,Partido Social Democrata,2019-2024,None,07-2019,female
David CASA,Malta,Group of the European People's Party (Christian Democrats),28122,Partit Nazzjonalista,2019-2024,None,07-2019,male
Massimo CASANOVA,Italy,Identity and Democracy Group,197796,Lega,2019-2024,None,07-2019,male
Daniel CASPARY,Germany,Group of the European People's Party (Christian Democrats),28219,Christlich Demokratische Union Deutschlands,2019-2024,None,07-2019,male
Fabio Massimo CASTALDO,Italy,Non-attached Members,124812,Movimento 5 Stelle,2019-2024,None,07-2019,male
Pilar del CASTILLO VERA,Spain,Group of the European People's Party (Christian Democrats),28390,Partido Popular,2019-2024,None,07-2019,female
Anna CAVAZZINI,Germany,Group of the Greens/European Free Alliance,86793,Bündnis 90/Die Grünen,2019-2024,None,07-2019,female
Susanna CECCARDI,Italy,Identity and Democracy Group,197786,Lega,2019-2024,None,07-2019,female
Sara CERDAS,Portugal,Group of the Progressive Alliance of Socialists and Democrats in the European Parliament,197641,Partido Socialista,2019-2024,None,07-2019,female
Catherine CHABAUD,France,Renew Europe Group,197505,Mouvement Démocrate,2019-2024,None,07-2019,female
Patricia CHAGNON,France,Identity and Democracy Group,236052,Rassemblement national,2019-2024,None,07-2019,female
Mohammed CHAHIM,Netherlands,Group of the Progressive Alliance of Socialists and Democrats in the European Parliament,197782,Partij van de Arbeid,2019-2024,None,07-2019,male
Leila CHAIBI,France,The Left group in the European Parliament - GUE/NGL,197529,La France Insoumise,2019-2024,None,07-2019,female
Dita CHARANZOVÁ,Czechia,Renew Europe Group,124708,ANO 2011,2019-2024,None,07-2019,female
Olivier CHASTEL,Belgium,Renew Europe Group,197463,Mouvement Réformateur,2019-2024,None,07-2019,male
Caterina CHINNICI,Italy,Group of the Progressive Alliance of Socialists and Democrats in the European Parliament,124861,Partito Democratico,2019-2024,None,07-2019,female
Asger CHRISTENSEN,Denmark,Renew Europe Group,197558,"Venstre, Danmarks Liberale Parti",2019-2024,None,07-2019,male
Ilana CICUREL,France,Renew Europe Group,204416,Liste Renaissance,2019-2024,None,07-2019,female
Włodzimierz CIMOSZEWICZ,Poland,Group of the Progressive Alliance of Socialists and Democrats in the European Parliament,197507,Sojusz Lewicy Demokratycznej - Unia Pracy,2019-2024,None,07-2019,male
Angelo CIOCCA,Italy,Identity and Democracy Group,183793,Lega,2019-2024,None,07-2019,male
Dacian CIOLOŞ,Romania,Renew Europe Group,197631,Reînnoim Proiectul European al României,2019-2024,None,07-2019,male
Tudor CIUHODARU,Romania,Group of the Progressive Alliance of Socialists and Democrats in the European Parliament,197657,Partidul Social Democrat,2019-2024,None,07-2019,male
Deirdre CLUNE,Ireland,Group of the European People's Party (Christian Democrats),124988,Fine Gael Party,2019-2024,None,07-2019,female
Nathalie COLIN-OESTERLÉ,France,Group of the European People's Party (Christian Democrats),197536,Les centristes,2019-2024,None,07-2019,female
Gilbert COLLARD,France,Non-attached Members,197683,Reconquête!,2019-2024,None,07-2019,male
Lara COMI,Italy,Group of the European People's Party (Christian Democrats),96775,Forza Italia,2019-2024,None,07-2019,female
Antoni COMÍN I OLIVERES,Spain,Non-attached Members,202352,Junts per Catalunya - Lliures per Europa,2019-2024,None,07-2019,male
Rosanna CONTE,Italy,Identity and Democracy Group,197616,Lega,2019-2024,None,07-2019,female
David CORMAND,France,Group of the Greens/European Free Alliance,197503,Europe Écologie,2019-2024,None,07-2019,male
Ignazio CORRAO,Italy,Group of the Greens/European Free Alliance,124856,Independent,2019-2024,None,07-2019,male
Beatrice COVASSI,Italy,Group of the Progressive Alliance of Socialists and Democrats in the European Parliament,240478,Partito Democratico,2019-2024,None,07-2019,female
Andrea COZZOLINO,Italy,Non-attached Members,96880,Partito Democratico,2019-2024,None,07-2019,female
Corina CREȚU,Romania,Group of the Progressive Alliance of Socialists and Democrats in the European Parliament,33997,PRO Romania,2019-2024,None,07-2019,female
Katalin CSEH,Hungary,Renew Europe Group,197588,Momentum,2019-2024,None,07-2019,female
Ciarán CUFFE,Ireland,Group of the Greens/European Free Alliance,197654,Green Party,2019-2024,None,07-2019,male
Josianne CUTAJAR,Malta,Group of the Progressive Alliance of Socialists and Democrats in the European Parliament,197394,Partit Laburista,2019-2024,None,07-2019,female
Ryszard CZARNECKI,Poland,European Conservatives and Reformists Group,28372,Prawo i Sprawiedliwość,2019-2024,None,07-2019,male
Peter van DALEN,Netherlands,Group of the European People's Party (Christian Democrats),96809,ChristenUnie,2019-2024,None,07-2019,male
Jakop G. DALUNDE,Sweden,Group of the Greens/European Free Alliance,183338,Miljöpartiet de gröna,2019-2024,None,07-2019,male
Clare DALY,Ireland,The Left group in the European Parliament - GUE/NGL,197731,Independents for change,2019-2024,None,07-2019,female
Rosa D'AMATO,Italy,Group of the Greens/European Free Alliance,124835,Independent,2019-2024,None,07-2019,female
Arnaud DANJEAN,France,Group of the European People's Party (Christian Democrats),96747,Les Républicains,2019-2024,None,07-2019,male
Nicola DANTI,Italy,Renew Europe Group,124821,Azione - Italia Viva,2019-2024,None,07-2019,male
Maria Angela DANZÌ,Italy,Non-attached Members,239258,Movimento 5 Stelle,2019-2024,None,07-2019,female
Gianantonio DA RE,Italy,Identity and Democracy Group,197608,Lega,2019-2024,None,07-2019,male
Marie DAUCHY,France,Identity and Democracy Group,236050,Rassemblement national,2019-2024,None,07-2019,female
Ivan DAVID,Czechia,Identity and Democracy Group,197556,Svoboda a přímá demokracie,2019-2024,None,07-2019,male
Elisabetta DE BLASIS,Italy,Identity and Democracy Group,239262,Lega,2019-2024,None,07-2019,female
Ilan DE BASSO,Sweden,Group of the Progressive Alliance of Socialists and Democrats in the European Parliament,228604,Arbetarepartiet- Socialdemokraterna,2019-2024,None,07-2019,male
Paolo DE CASTRO,Italy,Group of the Progressive Alliance of Socialists and Democrats in the European Parliament,96891,Partito Democratico,2019-2024,None,07-2019,male
Jérémy DECERLE,France,Renew Europe Group,197504,Liste L'Europe Ensemble,2019-2024,None,07-2019,male
Gwendoline DELBOS-CORFIELD,France,Group of the Greens/European Free Alliance,197531,Europe Écologie,2019-2024,None,07-2019,female
Andor DELI,Hungary,Non-attached Members,124714,Fidesz-Magyar Polgári Szövetség-Kereszténydemokrata Néppárt,2019-2024,None,07-2019,male
Karima DELLI,France,Group of the Greens/European Free Alliance,96868,Europe Écologie,2019-2024,None,07-2019,female
Filip DE MAN,Belgium,Identity and Democracy Group,197472,Vlaams Belang,2019-2024,None,07-2019,male
Salvatore DE MEO,Italy,Group of the European People's Party (Christian Democrats),204333,Forza Italia,2019-2024,None,07-2019,male
Özlem DEMIREL,Germany,The Left group in the European Parliament - GUE/NGL,197468,DIE LINKE.,2019-2024,None,07-2019,female
Anna DEPARNAY-GRUNENBERG,Germany,Group of the Greens/European Free Alliance,197453,Bündnis 90/Die Grünen,2019-2024,None,07-2019,female
Tamás DEUTSCH,Hungary,Non-attached Members,96826,Fidesz-Magyar Polgári Szövetség-Kereszténydemokrata Néppárt,2019-2024,None,07-2019,male
Geoffroy DIDIER,France,Group of the European People's Party (Christian Democrats),190774,Les Républicains,2019-2024,None,07-2019,male
Martina DLABAJOVÁ,Czechia,Renew Europe Group,124709,ANO 2011,2019-2024,None,07-2019,female
Klára DOBREV,Hungary,Group of the Progressive Alliance of Socialists and Democrats in the European Parliament,197579,Demokratikus Koalíció,2019-2024,None,07-2019,female
Christian DOLESCHAL,Germany,Group of the European People's Party (Christian Democrats),197473,Christlich-Soziale Union in Bayern e.V.,2019-2024,None,07-2019,male
Anna Júlia DONÁTH,Hungary,Renew Europe Group,197595,Momentum,2019-2024,None,07-2019,female
Francesca DONATO,Italy,Non-attached Members,197822,Independent,2019-2024,None,07-2019,female
Herbert DORFMANN,Italy,Group of the European People's Party (Christian Democrats),96787,Südtiroler Volkspartei,2019-2024,None,07-2019,male
Jarosław DUDA,Poland,Group of the European People's Party (Christian Democrats),197510,Platforma Obywatelska,2019-2024,None,07-2019,male
Lena DÜPONT,Germany,Group of the European People's Party (Christian Democrats),99945,Christlich Demokratische Union Deutschlands,2019-2024,None,07-2019,female
Estrella DURÁ FERRANDIS,Spain,Group of the Progressive Alliance of Socialists and Democrats in the European Parliament,198329,Partido Socialista Obrero Español,2019-2024,None,07-2019,female
Pascal DURAND,France,Group of the Progressive Alliance of Socialists and Democrats in the European Parliament,124693,Liste Renaissance,2019-2024,None,07-2019,male
Lucia ĎURIŠ NICHOLSONOVÁ,Slovakia,Renew Europe Group,197766,Independent,2019-2024,None,07-2019,female
Angel DZHAMBAZKI,Bulgaria,European Conservatives and Reformists Group,124873,VMRO,2019-2024,None,07-2019,male
Matthias ECKE,Germany,Group of the Progressive Alliance of Socialists and Democrats in the European Parliament,237465,Sozialdemokratische Partei Deutschlands,2019-2024,None,07-2019,male
Christian EHLER,Germany,Group of the European People's Party (Christian Democrats),28226,Christlich Demokratische Union Deutschlands,2019-2024,None,07-2019,male
Bas EICKHOUT,Netherlands,Group of the Greens/European Free Alliance,96725,GroenLinks,2019-2024,None,07-2019,female
Cyrus ENGERER,Malta,Group of the Progressive Alliance of Socialists and Democrats in the European Parliament,209091,Partit Laburista,2019-2024,None,07-2019,male
Cornelia ERNST,Germany,The Left group in the European Parliament - GUE/NGL,96852,DIE LINKE.,2019-2024,None,07-2019,female
Engin EROGLU,Germany,Renew Europe Group,197430,Freie Wähler,2019-2024,None,07-2019,male
Ismail ERTUG,Germany,Group of the Progressive Alliance of Socialists and Democrats in the European Parliament,96842,Sozialdemokratische Partei Deutschlands,2019-2024,None,07-2019,male
Rosa ESTARÀS FERRAGUT,Spain,Group of the European People's Party (Christian Democrats),96811,Partido Popular,2019-2024,None,07-2019,female
Agnès EVREN,France,Group of the European People's Party (Christian Democrats),197535,Les Républicains,2019-2024,None,07-2019,female
Gheorghe FALCĂ,Romania,Group of the European People's Party (Christian Democrats),197649,Partidul Naţional Liberal,2019-2024,None,07-2019,male
Laurence FARRENG,France,Renew Europe Group,197589,Mouvement Démocrate,2019-2024,None,07-2019,male
Markus FERBER,Germany,Group of the European People's Party (Christian Democrats),1917,Christlich-Soziale Union in Bayern e.V.,2019-2024,None,07-2019,male
José Manuel FERNANDES,Portugal,Group of the European People's Party (Christian Democrats),96899,Partido Social Democrata,2019-2024,None,07-2019,male
Jonás FERNÁNDEZ,Spain,Group of the Progressive Alliance of Socialists and Democrats in the European Parliament,125046,Partido Socialista Obrero Español,2019-2024,None,07-2019,male
Giuseppe FERRANDINO,Italy,Renew Europe Group,192634,Azione - Italia Viva,2019-2024,None,07-2019,male
Laura FERRARA,Italy,Non-attached Members,124833,Movimento 5 Stelle,2019-2024,None,07-2019,female
Nicolaus FEST,Germany,Identity and Democracy Group,197480,Alternative für Deutschland,2019-2024,None,07-2019,male
Carlo FIDANZA,Italy,European Conservatives and Reformists Group,96810,Fratelli d'Italia,2019-2024,None,07-2019,male
Pietro FIOCCHI,Italy,European Conservatives and Reformists Group,197607,Fratelli d'Italia,2019-2024,None,07-2019,male
Frances FITZGERALD,Ireland,Group of the European People's Party (Christian Democrats),197720,Fine Gael Party,2019-2024,None,07-2019,female
Luke Ming FLANAGAN,Ireland,The Left group in the European Parliament - GUE/NGL,124985,Independent,2019-2024,None,07-2019,male
Valter FLEGO,Croatia,Renew Europe Group,197419,Istarski demokratski sabor - Dieta democratica istriana,2019-2024,None,07-2019,male
Anna FOTYGA,Poland,European Conservatives and Reformists Group,28353,Prawo i Sprawiedliwość,2019-2024,None,07-2019,female
Loucas FOURLAS,Cyprus,Group of the European People's Party (Christian Democrats),197414,Democratic Rally,2019-2024,None,07-2019,male
Emmanouil FRAGKOS,Greece,European Conservatives and Reformists Group,198490,Elliniki Lusi-Greek Solution,2019-2024,None,07-2019,male
Tomasz FRANKOWSKI,Poland,Group of the European People's Party (Christian Democrats),197513,Platforma Obywatelska,2019-2024,None,07-2019,male
Cindy FRANSSEN,Belgium,Group of the European People's Party (Christian Democrats),197455,Christen-Democratisch & Vlaams,2019-2024,None,07-2019,female
Romeo FRANZ,Germany,Group of the Greens/European Free Alliance,193273,Bündnis 90/Die Grünen,2019-2024,None,07-2019,male
Daniel FREUND,Germany,Group of the Greens/European Free Alliance,106936,Bündnis 90/Die Grünen,2019-2024,None,07-2019,male
Heléne FRITZON,Sweden,Group of the Progressive Alliance of Socialists and Democrats in the European Parliament,197391,Arbetarepartiet- Socialdemokraterna,2019-2024,None,07-2019,female
Niels FUGLSANG,Denmark,Group of the Progressive Alliance of Socialists and Democrats in the European Parliament,101585,Socialdemokratiet,2019-2024,None,07-2019,male
Mario FURORE,Italy,Non-attached Members,197795,Movimento 5 Stelle,2019-2024,None,07-2019,male
Michael GAHLER,Germany,Group of the European People's Party (Christian Democrats),2341,Christlich Demokratische Union Deutschlands,2019-2024,None,07-2019,male
Kinga GÁL,Hungary,Non-attached Members,28150,Fidesz-Magyar Polgári Szövetség-Kereszténydemokrata Néppárt,2019-2024,None,07-2019,female
Malte GALLÉE,Germany,Group of the Greens/European Free Alliance,229352,Bündnis 90/Die Grünen,2019-2024,None,07-2019,male
Lina GÁLVEZ MUÑOZ,Spain,Group of the Progressive Alliance of Socialists and Democrats in the European Parliament,197702,Partido Socialista Obrero Español,2019-2024,None,07-2019,female
Claudia GAMON,Austria,Renew Europe Group,197632,NEOS – Das Neue Österreich,2019-2024,None,07-2019,female
Gianna GANCIA,Italy,Identity and Democracy Group,197582,Lega,2019-2024,None,07-2019,female
Ibán GARCÍA DEL BLANCO,Spain,Group of the Progressive Alliance of Socialists and Democrats in the European Parliament,197717,Partido Socialista Obrero Español,2019-2024,None,07-2019,male
José Manuel GARCÍA-MARGALLO Y MARFIL,Spain,Group of the European People's Party (Christian Democrats),1992,Partido Popular,2019-2024,None,07-2019,male
Isabel GARCÍA MUÑOZ,Spain,Group of the Progressive Alliance of Socialists and Democrats in the European Parliament,197742,Partido Socialista Obrero Español,2019-2024,None,07-2019,female
Iratxe GARCÍA PÉREZ,Spain,Group of the Progressive Alliance of Socialists and Democrats in the European Parliament,28298,Partido Socialista Obrero Español,2019-2024,None,07-2019,female
Eider GARDIAZABAL RUBIAL,Spain,Group of the Progressive Alliance of Socialists and Democrats in the European Parliament,96991,Partido Socialista Obrero Español,2019-2024,None,07-2019,female
Jean-Paul GARRAUD,France,Identity and Democracy Group,197628,Rassemblement national,2019-2024,None,07-2019,male
Matteo GAZZINI,Italy,Identity and Democracy Group,239255,Lega,2019-2024,None,07-2019,male
Alexandra GEESE,Germany,Group of the Greens/European Free Alliance,183916,Bündnis 90/Die Grünen,2019-2024,None,07-2019,female
Jens GEIER,Germany,Group of the Progressive Alliance of Socialists and Democrats in the European Parliament,96833,Sozialdemokratische Partei Deutschlands,2019-2024,None,07-2019,male
Chiara GEMMA,Italy,European Conservatives and Reformists Group,197794,Independent,2019-2024,None,07-2019,female
Giorgos GEORGIOU,Cyprus,The Left group in the European Parliament - GUE/NGL,197416,Progressive Party of Working People - Left - New Forces,2019-2024,None,07-2019,male
Alexis GEORGOULIS,Greece,The Left group in the European Parliament - GUE/NGL,197819,Coalition of the Radical Left,2019-2024,None,07-2019,male
Helmut GEUKING,Germany,Group of the European People's Party (Christian Democrats),197436,Familien-Partei Deutschlands,2019-2024,None,07-2019,male
Vlad GHEORGHE,Romania,Renew Europe Group,209140,Uniunea Salvați România,2019-2024,None,07-2019,male
Paola GHIDONI,Italy,Identity and Democracy Group,239256,Lega,2019-2024,None,07-2019,female
Dino GIARRUSSO,Italy,Non-attached Members,197804,Independent,2019-2024,None,07-2019,male
Jens GIESEKE,Germany,Group of the European People's Party (Christian Democrats),124807,Christlich Demokratische Union Deutschlands,2019-2024,None,07-2019,male
Andreas GLÜCK,Germany,Renew Europe Group,197443,Freie Demokratische Partei,2019-2024,None,07-2019,male
Raphaël GLUCKSMANN,France,Group of the Progressive Alliance of Socialists and Democrats in the European Parliament,197694,Place publique,2019-2024,None,07-2019,male
Charles GOERENS,Luxembourg,Renew Europe Group,840,Parti démocratique,2019-2024,None,07-2019,male
Mónica Silvana GONZÁLEZ,Spain,Group of the Progressive Alliance of Socialists and Democrats in the European Parliament,197728,Partido Socialista Obrero Español,2019-2024,None,07-2019,female
Nicolás GONZÁLEZ CASARES,Spain,Group of the Progressive Alliance of Socialists and Democrats in the European Parliament,197718,Partido Socialista Obrero Español,2019-2024,None,07-2019,male
Esteban GONZÁLEZ PONS,Spain,Group of the European People's Party (Christian Democrats),125027,Partido Popular,2019-2024,None,07-2019,male
Sandro GOZI,France,Renew Europe Group,204419,Liste Renaissance,2019-2024,None,07-2019,male
Marcel de GRAAFF,Netherlands,Non-attached Members,125025,Forum voor Democratie,2019-2024,None,07-2019,male
Valentino GRANT,Italy,Identity and Democracy Group,197799,Lega,2019-2024,None,07-2019,male
Maria GRAPINI,Romania,Group of the Progressive Alliance of Socialists and Democrats in the European Parliament,124785,Partidul Umanist Social Liberal,2019-2024,None,07-2019,female
Markéta GREGOROVÁ,Czechia,Group of the Greens/European Free Alliance,197549,PIRÁTI,2019-2024,None,07-2019,female
Catherine GRISET,France,Identity and Democracy Group,94649,Rassemblement national,2019-2024,None,07-2019,female
Bart GROOTHUIS,Netherlands,Renew Europe Group,197780,Volkspartij voor Vrijheid en Democratie,2019-2024,None,07-2019,male
Klemen GROŠELJ,Slovenia,Renew Europe Group,197452,Gibanje Svoboda,2019-2024,None,07-2019,male
Christophe GRUDLER,France,Renew Europe Group,197557,Mouvement Démocrate,2019-2024,None,07-2019,male
Claude GRUFFAT,France,Group of the Greens/European Free Alliance,204420,Europe Écologie,2019-2024,None,07-2019,male
Elisabetta GUALMINI,Italy,Group of the Progressive Alliance of Socialists and Democrats in the European Parliament,197618,Partito Democratico,2019-2024,None,07-2019,female
Francisco GUERREIRO,Portugal,Group of the Greens/European Free Alliance,197645,Independente,2019-2024,None,07-2019,male
Bernard GUETTA,France,Renew Europe Group,197543,Liste Renaissance,2019-2024,None,07-2019,male
Sylvie GUILLAUME,France,Group of the Progressive Alliance of Socialists and Democrats in the European Parliament,96952,Parti socialiste,2019-2024,None,07-2019,female
José GUSMÃO,Portugal,The Left group in the European Parliament - GUE/NGL,88715,Bloco de Esquerda,2019-2024,None,07-2019,male
Márton GYÖNGYÖSI,Hungary,Non-attached Members,198063,Jobbik – Konzervatívok,2019-2024,None,07-2019,male
Enikő GYŐRI,Hungary,Non-attached Members,96830,Fidesz-Magyar Polgári Szövetség-Kereszténydemokrata Néppárt,2019-2024,None,07-2019,female
András GYÜRK,Hungary,Non-attached Members,23816,Fidesz-Magyar Polgári Szövetség-Kereszténydemokrata Néppárt,2019-2024,None,07-2019,male
Svenja HAHN,Germany,Renew Europe Group,197444,Freie Demokratische Partei,2019-2024,None,07-2019,female
Henrike HAHN,Germany,Group of the Greens/European Free Alliance,197457,Bündnis 90/Die Grünen,2019-2024,None,07-2019,female
Roman HAIDER,Austria,Identity and Democracy Group,198176,Freiheitliche Partei Österreichs,2019-2024,None,07-2019,male
Robert HAJŠEL,Slovakia,Group of the Progressive Alliance of Socialists and Democrats in the European Parliament,34578,Independent,2019-2024,None,07-2019,male
Teuvo HAKKARAINEN,Finland,Identity and Democracy Group,197596,Perussuomalaiset,2019-2024,None,07-2019,male
Andrzej HALICKI,Poland,Group of the European People's Party (Christian Democrats),197514,Platforma Obywatelska,2019-2024,None,07-2019,male
Christophe HANSEN,Luxembourg,Group of the European People's Party (Christian Democrats),193419,Parti chrétien social luxembourgeois,2019-2024,None,07-2019,male
Martin HÄUSLING,Germany,Group of the Greens/European Free Alliance,96752,Bündnis 90/Die Grünen,2019-2024,None,07-2019,male
Heidi HAUTALA,Finland,Group of the Greens/European Free Alliance,2054,Vihreä liitto,2019-2024,None,07-2019,female
Mircea-Gheorghe HAVA,Romania,Group of the European People's Party (Christian Democrats),197646,Partidul Naţional Liberal,2019-2024,None,07-2019,male
Valérie HAYER,France,Renew Europe Group,135511,Renaissance,2019-2024,None,07-2019,female
Anja HAZEKAMP,Netherlands,The Left group in the European Parliament - GUE/NGL,125023,Partij voor de Dieren,2019-2024,None,07-2019,female
Hannes HEIDE,Austria,Group of the Progressive Alliance of Socialists and Democrats in the European Parliament,197682,Sozialdemokratische Partei Österreichs,2019-2024,None,07-2019,male
Eero HEINÄLUOMA,Finland,Group of the Progressive Alliance of Socialists and Democrats in the European Parliament,197800,Suomen Sosialidemokraattinen Puolue/Finlands Socialdemokratiska Parti,2019-2024,None,07-2019,male
Niclas HERBST,Germany,Group of the European People's Party (Christian Democrats),197412,Christlich Demokratische Union Deutschlands,2019-2024,None,07-2019,male
Pierrette HERZBERGER-FOFANA,Germany,Group of the Greens/European Free Alliance,197459,Bündnis 90/Die Grünen,2019-2024,None,07-2019,female
Krzysztof HETMAN,Poland,Group of the European People's Party (Christian Democrats),124895,Polskie Stronnictwo Ludowe,2019-2024,None,07-2019,male
Balázs HIDVÉGHI,Hungary,Non-attached Members,124586,Fidesz-Magyar Polgári Szövetség-Kereszténydemokrata Néppárt,2019-2024,None,07-2019,male
Martin HLAVÁČEK,Czechia,Renew Europe Group,197526,ANO 2011,2019-2024,None,07-2019,male
Monika HOHLMEIER,Germany,Group of the European People's Party (Christian Democrats),96780,Christlich-Soziale Union in Bayern e.V.,2019-2024,None,07-2019,female
Martin HOJSÍK,Slovakia,Renew Europe Group,197770,Progresívne Slovensko,2019-2024,None,07-2019,male
Pär HOLMGREN,Sweden,Group of the Greens/European Free Alliance,197398,Miljöpartiet de gröna,2019-2024,None,07-2019,female
György HÖLVÉNYI,Hungary,Group of the European People's Party (Christian Democrats),124715,Kereszténydemokrata Néppárt,2019-2024,None,07-2019,male
Alicia HOMS GINEL,Spain,Group of the Progressive Alliance of Socialists and Democrats in the European Parliament,122978,Partido Socialista Obrero Español,2019-2024,None,07-2019,female
Michiel HOOGEVEEN,Netherlands,European Conservatives and Reformists Group,218349,JA21,2019-2024,None,07-2019,male
Brice HORTEFEUX,France,Group of the European People's Party (Christian Democrats),5565,Les Républicains,2019-2024,None,07-2019,male
Ivo HRISTOV,Bulgaria,Group of the Progressive Alliance of Socialists and Democrats in the European Parliament,197846,Bulgarian Socialist Party,2019-2024,None,07-2019,male
Danuta Maria HÜBNER,Poland,Group of the European People's Party (Christian Democrats),96779,Platforma Obywatelska,2019-2024,None,07-2019,female
Laura HUHTASAARI,Finland,Identity and Democracy Group,197594,Perussuomalaiset,2019-2024,None,07-2019,female
Jan HUITEMA,Netherlands,Renew Europe Group,58789,Volkspartij voor Vrijheid en Democratie,2019-2024,None,07-2019,male
Ivars IJABS,Latvia,Renew Europe Group,197624,Attīstībai/Par!,2019-2024,None,07-2019,male
Ladislav ILČIĆ,Croatia,European Conservatives and Reformists Group,221463,Hrvatski suverenisti,2019-2024,None,07-2019,male
Evin INCIR,Sweden,Group of the Progressive Alliance of Socialists and Democrats in the European Parliament,197392,Arbetarepartiet- Socialdemokraterna,2019-2024,None,07-2019,female
Sophia IN 'T VELD,Netherlands,Renew Europe Group,28266,Democraten 66,2019-2024,None,07-2019,female
Yannick JADOT,France,Group of the Greens/European Free Alliance,96740,Europe Écologie,2019-2024,None,07-2019,male
Peter JAHR,Germany,Group of the European People's Party (Christian Democrats),96772,Christlich Demokratische Union Deutschlands,2019-2024,None,07-2019,male
Stasys JAKELIŪNAS,Lithuania,Group of the Greens/European Free Alliance,197837,Independent,2019-2024,None,07-2019,male
Patryk JAKI,Poland,European Conservatives and Reformists Group,197516,Solidarna Polska Zbigniewa Ziobro,2019-2024,None,07-2019,male
Jean-François JALKH,France,Identity and Democracy Group,124770,Rassemblement national,2019-2024,None,07-2019,male
France JAMET,France,Identity and Democracy Group,189065,Rassemblement national,2019-2024,None,07-2019,female
Lívia JÁRÓKA,Hungary,Non-attached Members,28141,Fidesz-Magyar Polgári Szövetség-Kereszténydemokrata Néppárt,2019-2024,None,07-2019,female
Adam JARUBAS,Poland,Group of the European People's Party (Christian Democrats),197517,Polskie Stronnictwo Ludowe,2019-2024,None,07-2019,male
Romana JERKOVIĆ,Croatia,Group of the Progressive Alliance of Socialists and Democrats in the European Parliament,112747,Socijaldemokratska partija Hrvatske,2019-2024,None,07-2019,female
Agnes JONGERIUS,Netherlands,Group of the Progressive Alliance of Socialists and Democrats in the European Parliament,125021,Partij van de Arbeid,2019-2024,None,07-2019,female
Virginie JORON,France,Identity and Democracy Group,197627,Rassemblement national,2019-2024,None,07-2019,female
Irena JOVEVA,Slovenia,Renew Europe Group,197447,Gibanje Svoboda,2019-2024,None,07-2019,female
Rasa JUKNEVIČIENĖ,Lithuania,Group of the European People's Party (Christian Democrats),197840,Tėvynės sąjunga-Lietuvos krikščionys demokratai,2019-2024,None,07-2019,female
Krzysztof JURGIEL,Poland,European Conservatives and Reformists Group,197518,Prawo i Sprawiedliwość,2019-2024,None,07-2019,male
Eugen JURZYCA,Slovakia,European Conservatives and Reformists Group,197767,Sloboda a Solidarita,2019-2024,None,07-2019,male
Hervé JUVIN,France,Non-attached Members,197626,Rassemblement national,2019-2024,None,07-2019,male
Eva KAILI,Greece,Non-attached Members,125109,Independent,2019-2024,None,07-2019,female
Jarosław KALINOWSKI,Poland,Group of the European People's Party (Christian Democrats),96771,Polskie Stronnictwo Ludowe,2019-2024,None,07-2019,male
Marina KALJURAND,Estonia,Group of the Progressive Alliance of Socialists and Democrats in the European Parliament,197491,Sotsiaaldemokraatlik Erakond,2019-2024,None,07-2019,female
Sandra KALNIETE,Latvia,Group of the European People's Party (Christian Democrats),96934,"Partija ""VIENOTĪBA""",2019-2024,None,07-2019,female
Petra KAMMEREVERT,Germany,Group of the Progressive Alliance of Socialists and Democrats in the European Parliament,96837,Sozialdemokratische Partei Deutschlands,2019-2024,None,07-2019,female
Radan KANEV,Bulgaria,Group of the European People's Party (Christian Democrats),197839,Democrats for Strong Bulgaria,2019-2024,None,07-2019,male
Assita KANKO,Belgium,European Conservatives and Reformists Group,197469,Nieuw-Vlaamse Alliantie,2019-2024,None,07-2019,female
Othmar KARAS,Austria,Group of the European People's Party (Christian Democrats),4246,Österreichische Volkspartei,2019-2024,None,07-2019,male
Pierre KARLESKIND,France,Renew Europe Group,197585,La République en marche,2019-2024,None,07-2019,male
Karin KARLSBRO,Sweden,Renew Europe Group,197401,Liberalerna,2019-2024,None,07-2019,female
Karol KARSKI,Poland,European Conservatives and Reformists Group,124887,Prawo i Sprawiedliwość,2019-2024,None,07-2019,male
Elsi KATAINEN,Finland,Renew Europe Group,191693,Suomen Keskusta,2019-2024,None,07-2019,female
Manolis KEFALOGIANNIS,Greece,Group of the European People's Party (Christian Democrats),125068,Nea Demokratia,2019-2024,None,07-2019,male
Billy KELLEHER,Ireland,Renew Europe Group,197818,Fianna Fáil Party,2019-2024,None,07-2019,male
Fabienne KELLER,France,Renew Europe Group,22858,Agir - La Droite constructive,2019-2024,None,07-2019,female
Ska KELLER,Germany,Group of the Greens/European Free Alliance,96734,Bündnis 90/Die Grünen,2019-2024,None,07-2019,male
Seán KELLY,Ireland,Group of the European People's Party (Christian Democrats),96668,Fine Gael Party,2019-2024,None,07-2019,male
Beata KEMPA,Poland,European Conservatives and Reformists Group,197519,Solidarna Polska Zbigniewa Ziobro,2019-2024,None,07-2019,female
Niyazi KIZILYÜREK,Cyprus,The Left group in the European Parliament - GUE/NGL,197415,Progressive Party of Working People - Left - New Forces,2019-2024,None,07-2019,male
Ondřej KNOTEK,Czechia,Renew Europe Group,197528,ANO 2011,2019-2024,None,07-2019,male
Łukasz KOHUT,Poland,Group of the Progressive Alliance of Socialists and Democrats in the European Parliament,197523,Nowa Lewica,2019-2024,None,07-2019,male
Arba KOKALARI,Sweden,Group of the European People's Party (Christian Democrats),197406,Moderaterna,2019-2024,None,07-2019,female
Petros KOKKALIS,Greece,The Left group in the European Parliament - GUE/NGL,197743,Coalition of the Radical Left,2019-2024,None,07-2019,male
Marcel KOLAJA,Czechia,Group of the Greens/European Free Alliance,197546,PIRÁTI,2019-2024,None,07-2019,male
Mislav KOLAKUŠIĆ,Croatia,Non-attached Members,197438,-,2019-2024,None,07-2019,male
Kateřina KONEČNÁ,Czechia,The Left group in the European Parliament - GUE/NGL,23699,Komunistická strana Čech a Moravy,2019-2024,None,07-2019,female
Athanasios KONSTANTINOU,Greece,Non-attached Members,197740,Independent,2019-2024,None,07-2019,male
Ewa KOPACZ,Poland,Group of the European People's Party (Christian Democrats),197525,Platforma Obywatelska,2019-2024,None,07-2019,female
Joanna KOPCIŃSKA,Poland,European Conservatives and Reformists Group,197530,Prawo i Sprawiedliwość,2019-2024,None,07-2019,female
Moritz KÖRNER,Germany,Renew Europe Group,197445,Freie Demokratische Partei,2019-2024,None,07-2019,male
Ádám KÓSA,Hungary,Non-attached Members,96829,Fidesz-Magyar Polgári Szövetség-Kereszténydemokrata Néppárt,2019-2024,None,07-2019,male
Dietmar KÖSTER,Germany,Group of the Progressive Alliance of Socialists and Democrats in the European Parliament,124822,Sozialdemokratische Partei Deutschlands,2019-2024,None,07-2019,male
Stelios KOULOGLOU,Greece,The Left group in the European Parliament - GUE/NGL,130833,Coalition of the Radical Left,2019-2024,None,07-2019,male
Elena KOUNTOURA,Greece,The Left group in the European Parliament - GUE/NGL,197699,Coalition of the Radical Left,2019-2024,None,07-2019,female
Ondřej KOVAŘÍK,Czechia,Renew Europe Group,118949,ANO 2011,2019-2024,None,07-2019,male
Andrey KOVATCHEV,Bulgaria,Group of the European People's Party (Christian Democrats),97968,Citizens for European Development of Bulgaria,2019-2024,None,07-2019,male
Maximilian KRAH,Germany,Identity and Democracy Group,197481,Alternative für Deutschland,2019-2024,None,07-2019,male
Zdzisław KRASNODĘBSKI,Poland,European Conservatives and Reformists Group,124891,Prawo i Sprawiedliwość,2019-2024,None,07-2019,male
Elżbieta KRUK,Poland,European Conservatives and Reformists Group,197532,Prawo i Sprawiedliwość,2019-2024,None,07-2019,female
Andrius KUBILIUS,Lithuania,Group of the European People's Party (Christian Democrats),197843,Tėvynės sąjunga-Lietuvos krikščionys demokratai,2019-2024,None,07-2019,male
Alice KUHNKE,Sweden,Group of the Greens/European Free Alliance,197395,Miljöpartiet de gröna,2019-2024,None,07-2019,female
Joachim KUHS,Germany,Identity and Democracy Group,197482,Alternative für Deutschland,2019-2024,None,07-2019,male
Miapetra KUMPULA-NATRI,Finland,Group of the Progressive Alliance of Socialists and Democrats in the European Parliament,124735,Suomen Sosialidemokraattinen Puolue/Finlands Socialdemokratiska Parti,2019-2024,None,07-2019,female
Zbigniew KUŹMIUK,Poland,European Conservatives and Reformists Group,28389,Prawo i Sprawiedliwość,2019-2024,None,07-2019,male
Stelios KYMPOUROPOULOS,Greece,Group of the European People's Party (Christian Democrats),197692,Nea Demokratia,2019-2024,None,07-2019,male
Georgios KYRTSOS,Greece,Renew Europe Group,125063,Independent,2019-2024,None,07-2019,male
Ilhan KYUCHYUK,Bulgaria,Renew Europe Group,124866,Movement for Rights and Freedoms,2019-2024,None,07-2019,male
Jean-Lin LACAPELLE,France,Identity and Democracy Group,204421,Rassemblement national,2019-2024,None,07-2019,male
Sergey LAGODINSKY,Germany,Group of the Greens/European Free Alliance,197460,Bündnis 90/Die Grünen,2019-2024,None,07-2019,male
Ioannis LAGOS,Greece,Non-attached Members,197737,Independent,2019-2024,None,07-2019,male
Aurore LALUCQ,France,Group of the Progressive Alliance of Socialists and Democrats in the European Parliament,197697,Place publique,2019-2024,None,07-2019,female
Philippe LAMBERTS,Belgium,Group of the Greens/European Free Alliance,96648,Ecologistes Confédérés pour l'Organisation de Luttes Originales,2019-2024,None,07-2019,male
Danilo Oscar LANCINI,Italy,Identity and Democracy Group,192635,Lega,2019-2024,None,07-2019,male
Bernd LANGE,Germany,Group of the Progressive Alliance of Socialists and Democrats in the European Parliament,1909,Sozialdemokratische Partei Deutschlands,2019-2024,None,07-2019,male
Esther de LANGE,Netherlands,Group of the European People's Party (Christian Democrats),38398,Christen Democratisch Appèl,2019-2024,None,07-2019,female
Katrin LANGENSIEPEN,Germany,Group of the Greens/European Free Alliance,197461,Bündnis 90/Die Grünen,2019-2024,None,07-2019,female
Pierre LARROUTUROU,France,Group of the Progressive Alliance of Socialists and Democrats in the European Parliament,197698,Nouvelle Donne,2019-2024,None,07-2019,male
Camilla LAURETI,Italy,Group of the Progressive Alliance of Socialists and Democrats in the European Parliament,230085,Partito Democratico,2019-2024,None,07-2019,female
Gilles LEBRETON,France,Identity and Democracy Group,124738,Rassemblement national,2019-2024,None,07-2019,male
David LEGA,Sweden,Group of the European People's Party (Christian Democrats),197393,Kristdemokraterna,2019-2024,None,07-2019,male
Ryszard Antoni LEGUTKO,Poland,European Conservatives and Reformists Group,96796,Prawo i Sprawiedliwość,2019-2024,None,07-2019,male
Jeroen LENAERS,Netherlands,Group of the European People's Party (Christian Democrats),95074,Christen Democratisch Appèl,2019-2024,None,07-2019,male
Janusz LEWANDOWSKI,Poland,Group of the European People's Party (Christian Democrats),23781,Platforma Obywatelska,2019-2024,None,07-2019,male
Miriam LEXMANN,Slovakia,Group of the European People's Party (Christian Democrats),204336,Kresťanskodemokratické hnutie,2019-2024,None,07-2019,female
Bogusław LIBERADZKI,Poland,Group of the Progressive Alliance of Socialists and Democrats in the European Parliament,23768,Nowa Lewica,2019-2024,None,07-2019,male
Peter LIESE,Germany,Group of the European People's Party (Christian Democrats),1927,Christlich Demokratische Union Deutschlands,2019-2024,None,07-2019,male
Sylvia LIMMER,Germany,Identity and Democracy Group,197483,Alternative für Deutschland,2019-2024,None,07-2019,female
Norbert LINS,Germany,Group of the European People's Party (Christian Democrats),124808,Christlich Demokratische Union Deutschlands,2019-2024,None,07-2019,male
Elena LIZZI,Italy,Identity and Democracy Group,197611,Lega,2019-2024,None,07-2019,female
Nathalie LOISEAU,France,Renew Europe Group,197494,Liste Renaissance,2019-2024,None,07-2019,female
Morten LØKKEGAARD,Denmark,Renew Europe Group,96709,"Venstre, Danmarks Liberale Parti",2019-2024,None,07-2019,male
Javi LÓPEZ,Spain,Group of the Progressive Alliance of Socialists and Democrats in the European Parliament,125042,Partit dels Socialistes de Catalunya,2019-2024,None,07-2019,male
Juan Fernando LÓPEZ AGUILAR,Spain,Group of the Progressive Alliance of Socialists and Democrats in the European Parliament,96812,Partido Socialista Obrero Español,2019-2024,None,07-2019,male
Leopoldo LÓPEZ GIL,Spain,Group of the European People's Party (Christian Democrats),197777,Partido Popular,2019-2024,None,07-2019,male
Antonio LÓPEZ-ISTÚRIZ WHITE,Spain,Group of the European People's Party (Christian Democrats),28399,Partido Popular,2019-2024,None,07-2019,male
Karsten LUCKE,Germany,Group of the Progressive Alliance of Socialists and Democrats in the European Parliament,228286,Sozialdemokratische Partei Deutschlands,2019-2024,None,07-2019,male
César LUENA,Spain,Group of the Progressive Alliance of Socialists and Democrats in the European Parliament,197721,Partido Socialista Obrero Español,2019-2024,None,07-2019,male
Elżbieta Katarzyna ŁUKACIJEWSKA,Poland,Group of the European People's Party (Christian Democrats),96791,Platforma Obywatelska,2019-2024,None,07-2019,female
Peter LUNDGREN,Sweden,European Conservatives and Reformists Group,124996,Sverigedemokraterna,2019-2024,None,07-2019,male
Benoît LUTGEN,Belgium,Group of the European People's Party (Christian Democrats),197458,Les Engagés,2019-2024,None,07-2019,male
Bergur Løkke RASMUSSEN,Denmark,Renew Europe Group,239973,"Venstre, Danmarks Liberale Parti",2019-2024,None,07-2019,male
David McALLISTER,Germany,Group of the European People's Party (Christian Democrats),124806,Christlich Demokratische Union Deutschlands,2019-2024,None,07-2019,male
Chris MACMANUS,Ireland,The Left group in the European Parliament - GUE/NGL,205452,Sinn Féin,2019-2024,None,07-2019,male
Jaak MADISON,Estonia,Identity and Democracy Group,197493,Eesti Konservatiivne Rahvaerakond,2019-2024,None,07-2019,male
Cristina MAESTRE MARTÍN DE ALMAGRO,Spain,Group of the Progressive Alliance of Socialists and Democrats in the European Parliament,197719,Partido Socialista Obrero Español,2019-2024,None,07-2019,female
Pierfrancesco MAJORINO,Italy,Group of the Progressive Alliance of Socialists and Democrats in the European Parliament,197592,Partito Democratico,2019-2024,None,07-2019,male
Aušra MALDEIKIENĖ,Lithuania,Group of the European People's Party (Christian Democrats),197835,Independent,2019-2024,None,07-2019,female
Adriana MALDONADO LÓPEZ,Spain,Group of the Progressive Alliance of Socialists and Democrats in the European Parliament,197735,Partido Socialista Obrero Español,2019-2024,None,07-2019,female
Claudiu MANDA,Romania,Group of the Progressive Alliance of Socialists and Democrats in the European Parliament,197653,Partidul Social Democrat,2019-2024,None,07-2019,male
Antonius MANDERS,Netherlands,Group of the European People's Party (Christian Democrats),4560,Christen Democratisch Appèl,2019-2024,None,07-2019,male
Lukas MANDL,Austria,Group of the European People's Party (Christian Democrats),190713,Österreichische Volkspartei,2019-2024,None,07-2019,male
Thierry MARIANI,France,Identity and Democracy Group,197623,Rassemblement national,2019-2024,None,07-2019,male
Colm MARKEY,Ireland,Group of the European People's Party (Christian Democrats),209896,Fine Gael Party,2019-2024,None,07-2019,male
Erik MARQUARDT,Germany,Group of the Greens/European Free Alliance,197462,Bündnis 90/Die Grünen,2019-2024,None,07-2019,male
Margarida MARQUES,Portugal,Group of the Progressive Alliance of Socialists and Democrats in the European Parliament,197638,Partido Socialista,2019-2024,None,07-2019,female
Pedro MARQUES,Portugal,Group of the Progressive Alliance of Socialists and Democrats in the European Parliament,197634,Partido Socialista,2019-2024,None,07-2019,male
Fulvio MARTUSCIELLO,Italy,Group of the European People's Party (Christian Democrats),124828,Forza Italia,2019-2024,None,07-2019,male
Marisa MATIAS,Portugal,The Left group in the European Parliament - GUE/NGL,96820,Bloco de Esquerda,2019-2024,None,07-2019,female
Predrag Fred MATIĆ,Croatia,Group of the Progressive Alliance of Socialists and Democrats in the European Parliament,197441,Socijaldemokratska partija Hrvatske,2019-2024,None,07-2019,male
Gabriel MATO,Spain,Group of the European People's Party (Christian Democrats),96936,Partido Popular,2019-2024,None,07-2019,male
Sara MATTHIEU,Belgium,Group of the Greens/European Free Alliance,208722,Groen,2019-2024,None,07-2019,female
Emmanuel MAUREL,France,The Left group in the European Parliament - GUE/NGL,24505,Gauche républicaine et socialiste,2019-2024,None,07-2019,male
Costas MAVRIDES,Cyprus,Group of the Progressive Alliance of Socialists and Democrats in the European Parliament,124691,Democratic Party,2019-2024,None,07-2019,male
Radka MAXOVÁ,Czechia,Group of the Progressive Alliance of Socialists and Democrats in the European Parliament,197522,Independent,2019-2024,None,07-2019,female
Eva MAYDELL,Bulgaria,Group of the European People's Party (Christian Democrats),98341,Citizens for European Development of Bulgaria,2019-2024,None,07-2019,female
Georg MAYER,Austria,Identity and Democracy Group,38511,Freiheitliche Partei Österreichs,2019-2024,None,07-2019,male
Beata MAZUREK,Poland,European Conservatives and Reformists Group,197538,Prawo i Sprawiedliwość,2019-2024,None,07-2019,female
Liudas MAŽYLIS,Lithuania,Group of the European People's Party (Christian Democrats),197841,Tėvynės sąjunga-Lietuvos krikščionys demokratai,2019-2024,None,07-2019,male
Nora MEBAREK,France,Group of the Progressive Alliance of Socialists and Democrats in the European Parliament,204418,Parti socialiste,2019-2024,None,07-2019,female
Vangelis MEIMARAKIS,Greece,Group of the European People's Party (Christian Democrats),197662,Nea Demokratia,2019-2024,None,07-2019,male
Dace MELBĀRDE,Latvia,Group of the European People's Party (Christian Democrats),130256,"Partija ""VIENOTĪBA""",2019-2024,None,07-2019,female
Karen MELCHIOR,Denmark,Renew Europe Group,197567,Independent,2019-2024,None,07-2019,female
Nuno MELO,Portugal,Group of the European People's Party (Christian Democrats),96978,Partido do Centro Democrático Social-Partido Popular,2019-2024,None,07-2019,male
Marina MESURE,France,The Left group in the European Parliament - GUE/NGL,236053,La France Insoumise,2019-2024,None,07-2019,female
Roberta METSOLA,Malta,Group of the European People's Party (Christian Democrats),118859,Partit Nazzjonalista,2019-2024,None,07-2019,female
Tilly METZ,Luxembourg,Group of the Greens/European Free Alliance,193292,Déi Gréng - Les Verts,2019-2024,None,07-2019,female
Jörg MEUTHEN,Germany,Non-attached Members,190518,Deutsche Zentrumspartei,2019-2024,None,07-2019,male
Martina MICHELS,Germany,The Left group in the European Parliament - GUE/NGL,120478,DIE LINKE.,2019-2024,None,07-2019,female
Iskra MIHAYLOVA,Bulgaria,Renew Europe Group,125128,Movement for Rights and Freedoms,2019-2024,None,07-2019,female
Sven MIKSER,Estonia,Group of the Progressive Alliance of Socialists and Democrats in the European Parliament,197497,Sotsiaaldemokraatlik Erakond,2019-2024,None,07-2019,male
Giuseppe MILAZZO,Italy,European Conservatives and Reformists Group,197824,Fratelli d'Italia,2019-2024,None,07-2019,male
Francisco José MILLÁN MON,Spain,Group of the European People's Party (Christian Democrats),28400,Partido Popular,2019-2024,None,07-2019,male
Leszek MILLER,Poland,Group of the Progressive Alliance of Socialists and Democrats in the European Parliament,197540,Independent,2019-2024,None,07-2019,male
Eric MINARDI,France,Identity and Democracy Group,236051,Rassemblement national,2019-2024,None,07-2019,male
Ana MIRANDA,Spain,Group of the Greens/European Free Alliance,24942,Bloque Nacionalista Galego,2019-2024,None,07-2019,female
Alin MITUȚA,Romania,Renew Europe Group,212855,Reînnoim Proiectul European al României,2019-2024,None,07-2019,male
Silvia MODIG,Finland,The Left group in the European Parliament - GUE/NGL,197805,Vasemmistoliitto,2019-2024,None,07-2019,female
Csaba MOLNÁR,Hungary,Group of the Progressive Alliance of Socialists and Democrats in the European Parliament,124722,Demokratikus Koalíció,2019-2024,None,07-2019,male
Cláudia MONTEIRO DE AGUIAR,Portugal,Group of the European People's Party (Christian Democrats),124734,Partido Social Democrata,2019-2024,None,07-2019,female
Dolors MONTSERRAT,Spain,Group of the European People's Party (Christian Democrats),197711,Partido Popular,2019-2024,None,07-2019,female
Nadine MORANO,France,Group of the European People's Party (Christian Democrats),72779,Les Républicains,2019-2024,None,07-2019,female
Javier MORENO SÁNCHEZ,Spain,Group of the Progressive Alliance of Socialists and Democrats in the European Parliament,28347,Partido Socialista Obrero Español,2019-2024,None,07-2019,male
Alessandra MORETTI,Italy,Group of the Progressive Alliance of Socialists and Democrats in the European Parliament,124799,Partito Democratico,2019-2024,None,07-2019,female
Marlene MORTLER,Germany,Group of the European People's Party (Christian Democrats),197427,Christlich-Soziale Union in Bayern e.V.,2019-2024,None,07-2019,female
Dan-Ştefan MOTREANU,Romania,Group of the European People's Party (Christian Democrats),197647,Partidul Naţional Liberal,2019-2024,None,07-2019,male
Andżelika Anna MOŻDŻANOWSKA,Poland,European Conservatives and Reformists Group,197541,Prawo i Sprawiedliwość,2019-2024,None,07-2019,female
Theresa BIELOWSKI,Austria,Group of the Progressive Alliance of Socialists and Democrats in the European Parliament,238674,Sozialdemokratische Partei Österreichs,2019-2024,None,07-2019,female
Ulrike MÜLLER,Germany,Renew Europe Group,124862,Freie Wähler,2019-2024,None,07-2019,female
Siegfried MUREŞAN,Romania,Group of the European People's Party (Christian Democrats),124802,Partidul Naţional Liberal,2019-2024,None,07-2019,male
Alessandra MUSSOLINI,Italy,Group of the European People's Party (Christian Democrats),28429,Forza Italia,2019-2024,None,07-2019,female
Caroline NAGTEGAAL,Netherlands,Renew Europe Group,190519,Volkspartij voor Vrijheid en Democratie,2019-2024,None,07-2019,female
Javier NART,Spain,Renew Europe Group,125005,Independiente,2019-2024,None,07-2019,male
Victor NEGRESCU,Romania,Group of the Progressive Alliance of Socialists and Democrats in the European Parliament,88882,Partidul Social Democrat,2019-2024,None,07-2019,male
Matjaž NEMEC,Slovenia,Group of the Progressive Alliance of Socialists and Democrats in the European Parliament,233862,Socialni demokrati,2019-2024,None,07-2019,male
Denis NESCI,Italy,European Conservatives and Reformists Group,239260,FRATELLI D' ITALIA,2019-2024,None,07-2019,male
Hannah NEUMANN,Germany,Group of the Greens/European Free Alliance,197464,Bündnis 90/Die Grünen,2019-2024,None,07-2019,female
Katarína ROTH NEVEĎALOVÁ,Slovakia,Group of the Progressive Alliance of Socialists and Democrats in the European Parliament,96653,SMER-Sociálna demokracia,2019-2024,None,07-2019,female
Dan NICA,Romania,Group of the Progressive Alliance of Socialists and Democrats in the European Parliament,124784,Partidul Social Democrat,2019-2024,None,07-2019,male
Angelika NIEBLER,Germany,Group of the European People's Party (Christian Democrats),4289,Christlich-Soziale Union in Bayern e.V.,2019-2024,None,07-2019,female
Luděk NIEDERMAYER,Czechia,Group of the European People's Party (Christian Democrats),124701,TOP 09 a Starostové,2019-2024,None,07-2019,male
Niklas NIENAß,Germany,Group of the Greens/European Free Alliance,197465,Bündnis 90/Die Grünen,2019-2024,None,07-2019,male
Ville NIINISTÖ,Finland,Group of the Greens/European Free Alliance,197802,Vihreä liitto,2019-2024,None,07-2019,male
Lefteris NIKOLAOU-ALAVANOS,Greece,Non-attached Members,197734,Communist Party of Greece,2019-2024,None,07-2019,male
Johan NISSINEN,Sweden,European Conservatives and Reformists Group,238639,Sverigedemokraterna,2019-2024,None,07-2019,male
Maria NOICHL,Germany,Group of the Progressive Alliance of Socialists and Democrats in the European Parliament,124836,Sozialdemokratische Partei Deutschlands,2019-2024,None,07-2019,female
Ljudmila NOVAK,Slovenia,Group of the European People's Party (Christian Democrats),28294,Nova Slovenija – Krščanski demokrati,2019-2024,None,07-2019,female
Andrey NOVAKOV,Bulgaria,Group of the European People's Party (Christian Democrats),107212,Citizens for European Development of Bulgaria,2019-2024,None,07-2019,male
Janina OCHOJSKA,Poland,Group of the European People's Party (Christian Democrats),197542,Independent,2019-2024,None,07-2019,female
Jan-Christoph OETJEN,Germany,Renew Europe Group,197432,Freie Demokratische Partei,2019-2024,None,07-2019,male
Carina OHLSSON,Sweden,Group of the Progressive Alliance of Socialists and Democrats in the European Parliament,237779,Arbetarepartiet- Socialdemokraterna,2019-2024,None,07-2019,female
Jan OLBRYCHT,Poland,Group of the European People's Party (Christian Democrats),28288,Platforma Obywatelska,2019-2024,None,07-2019,male
Juozas OLEKAS,Lithuania,Group of the Progressive Alliance of Socialists and Democrats in the European Parliament,197838,Lietuvos socialdemokratų partija,2019-2024,None,07-2019,male
Philippe OLIVIER,France,Identity and Democracy Group,197687,Rassemblement national,2019-2024,None,07-2019,male
Younous OMARJEE,France,The Left group in the European Parliament - GUE/NGL,30482,La France Insoumise,2019-2024,None,07-2019,male
Max ORVILLE,France,Renew Europe Group,234344,Mouvement Démocrate,2019-2024,None,07-2019,male
Grace O'SULLIVAN,Ireland,Group of the Greens/European Free Alliance,197889,Green Party,2019-2024,None,07-2019,female
Urmas PAET,Estonia,Renew Europe Group,129073,Eesti Reformierakond,2019-2024,None,07-2019,male
Maite PAGAZAURTUNDÚA,Spain,Renew Europe Group,125038,Delegación Ciudadanos Europeos,2019-2024,None,07-2019,female
Alessandro PANZA,Italy,Identity and Democracy Group,99283,Lega,2019-2024,None,07-2019,male
Demetris PAPADAKIS,Cyprus,Group of the Progressive Alliance of Socialists and Democrats in the European Parliament,124692,Movement for Social Democracy EDEK,2019-2024,None,07-2019,male
Kostas PAPADAKIS,Greece,Non-attached Members,125093,Communist Party of Greece,2019-2024,None,07-2019,male
Dimitrios PAPADIMOULIS,Greece,The Left group in the European Parliament - GUE/NGL,28586,Coalition of the Radical Left,2019-2024,None,07-2019,male
Aldo PATRICIELLO,Italy,Group of the European People's Party (Christian Democrats),36392,Forza Italia,2019-2024,None,07-2019,male
Jutta PAULUS,Germany,Group of the Greens/European Free Alliance,197466,Bündnis 90/Die Grünen,2019-2024,None,07-2019,female
Piernicola PEDICINI,Italy,Group of the Greens/European Free Alliance,124844,Independent,2019-2024,None,07-2019,male
Mauri PEKKARINEN,Finland,Renew Europe Group,197563,Suomen Keskusta,2019-2024,None,07-2019,male
Mikuláš PEKSA,Czechia,Group of the Greens/European Free Alliance,197539,PIRÁTI,2019-2024,None,07-2019,male
Anne-Sophie PELLETIER,France,The Left group in the European Parliament - GUE/NGL,197527,La France Insoumise,2019-2024,None,07-2019,female
Tsvetelina PENKOVA,Bulgaria,Group of the Progressive Alliance of Socialists and Democrats in the European Parliament,197845,Bulgarian Socialist Party,2019-2024,None,07-2019,female
Sandra PEREIRA,Portugal,The Left group in the European Parliament - GUE/NGL,197754,Partido Comunista Português,2019-2024,None,07-2019,female
Lídia PEREIRA,Portugal,Group of the European People's Party (Christian Democrats),197738,Partido Social Democrata,2019-2024,None,07-2019,female
Kira Marie PETER-HANSEN,Denmark,Group of the Greens/European Free Alliance,197573,Socialistisk Folkeparti,2019-2024,None,07-2019,female
Morten PETERSEN,Denmark,Renew Europe Group,124872,Det Radikale Venstre,2019-2024,None,07-2019,male
Pina PICIERNO,Italy,Group of the Progressive Alliance of Socialists and Democrats in the European Parliament,124846,Partito Democratico,2019-2024,None,07-2019,female
Tonino PICULA,Croatia,Group of the Progressive Alliance of Socialists and Democrats in the European Parliament,112744,Socijaldemokratska partija Hrvatske,2019-2024,None,07-2019,male
Markus PIEPER,Germany,Group of the European People's Party (Christian Democrats),28224,Christlich Demokratische Union Deutschlands,2019-2024,None,07-2019,male
Sirpa PIETIKÄINEN,Finland,Group of the European People's Party (Christian Democrats),40599,Kansallinen Kokoomus,2019-2024,None,07-2019,female
Sabrina PIGNEDOLI,Italy,Non-attached Members,197619,Movimento 5 Stelle,2019-2024,None,07-2019,female
João PIMENTA LOPES,Portugal,The Left group in the European Parliament - GUE/NGL,136236,Partido Comunista Português,2019-2024,None,07-2019,male
Manu PINEDA,Spain,The Left group in the European Parliament - GUE/NGL,197828,Izquierda Unida,2019-2024,None,07-2019,male
Maxette PIRBAKAS,France,Non-attached Members,197629,Indépendant,2019-2024,None,07-2019,female
Margarita DE LA PISA CARRIÓN,Spain,European Conservatives and Reformists Group,204414,VOX,2019-2024,None,07-2019,female
Giuliano PISAPIA,Italy,Group of the Progressive Alliance of Socialists and Democrats in the European Parliament,197590,Independent,2019-2024,None,07-2019,male
Dragoş PÎSLARU,Romania,Renew Europe Group,197663,Reînnoim Proiectul European al României,2019-2024,None,07-2019,male
Rovana PLUMB,Romania,Group of the Progressive Alliance of Socialists and Democrats in the European Parliament,38595,Partidul Social Democrat,2019-2024,None,07-2019,female
Stanislav POLČÁK,Czechia,Group of the European People's Party (Christian Democrats),124704,Starostové a nezávisli,2019-2024,None,07-2019,male
Jessica POLFJÄRD,Sweden,Group of the European People's Party (Christian Democrats),197404,Moderaterna,2019-2024,None,07-2019,female
Peter POLLÁK,Slovakia,Group of the European People's Party (Christian Democrats),197765,Obyčajní ľudia a nezávislé osobnosti,2019-2024,None,07-2019,male
Clara PONSATÍ OBIOLS,Spain,Non-attached Members,204443,Junts per Catalunya - Lliures per Europa,2019-2024,None,07-2019,female
Eva Maria POPTCHEVA,Spain,Renew Europe Group,237320,Ciudadanos – Partido de la Ciudadanía,2019-2024,None,07-2019,female
Tomasz Piotr PORĘBA,Poland,European Conservatives and Reformists Group,96801,Prawo i Sprawiedliwość,2019-2024,None,07-2019,male
Jiří POSPÍŠIL,Czechia,Group of the European People's Party (Christian Democrats),125706,TOP 09 a Starostové,2019-2024,None,07-2019,male
Erik POULSEN,Denmark,Renew Europe Group,239972,"Venstre, Danmarks Liberale Parti",2019-2024,None,07-2019,male
Nicola PROCACCINI,Italy,European Conservatives and Reformists Group,197820,Fratelli d'Italia,2019-2024,None,07-2019,male
Carles PUIGDEMONT I CASAMAJÓ,Spain,Non-attached Members,202351,Junts per Catalunya - Lliures per Europa,2019-2024,None,07-2019,male
Miroslav RADAČOVSKÝ,Slovakia,Non-attached Members,197764,Slovak PATRIOT,2019-2024,None,07-2019,male
Emil RADEV,Bulgaria,Group of the European People's Party (Christian Democrats),124850,Citizens for European Development of Bulgaria,2019-2024,None,07-2019,male
Dennis RADTKE,Germany,Group of the European People's Party (Christian Democrats),188945,Christlich Demokratische Union Deutschlands,2019-2024,None,07-2019,male
Samira RAFAELA,Netherlands,Renew Europe Group,197868,Democraten 66,2019-2024,None,07-2019,female
Elżbieta RAFALSKA,Poland,European Conservatives and Reformists Group,197544,Prawo i Sprawiedliwość,2019-2024,None,07-2019,female
Paulo RANGEL,Portugal,Group of the European People's Party (Christian Democrats),96903,Partido Social Democrata,2019-2024,None,07-2019,male
Luisa REGIMENTI,Italy,Group of the European People's Party (Christian Democrats),197790,Forza Italia,2019-2024,None,07-2019,female
Evelyn REGNER,Austria,Group of the Progressive Alliance of Socialists and Democrats in the European Parliament,96998,Sozialdemokratische Partei Österreichs,2019-2024,None,07-2019,female
Sira REGO,Spain,The Left group in the European Parliament - GUE/NGL,197681,Izquierda Unida,2019-2024,None,07-2019,female
Guido REIL,Germany,Identity and Democracy Group,197488,Alternative für Deutschland,2019-2024,None,07-2019,male
Terry REINTKE,Germany,Group of the Greens/European Free Alliance,103381,Bündnis 90/Die Grünen,2019-2024,None,07-2019,male
René REPASI,Germany,Group of the Progressive Alliance of Socialists and Democrats in the European Parliament,229839,Sozialdemokratische Partei Deutschlands,2019-2024,None,07-2019,male
Karlo RESSLER,Croatia,Group of the European People's Party (Christian Democrats),197413,Hrvatska demokratska zajednica,2019-2024,None,07-2019,male
Thijs REUTEN,Netherlands,Group of the Progressive Alliance of Socialists and Democrats in the European Parliament,218347,Partij van de Arbeid,2019-2024,None,07-2019,male
Diana RIBA I GINER,Spain,Group of the Greens/European Free Alliance,197832,Esquerra Republicana de Catalunya,2019-2024,None,07-2019,female
Frédérique RIES,Belgium,Renew Europe Group,4253,Mouvement Réformateur,2019-2024,None,07-2019,female
Antonio Maria RINALDI,Italy,Identity and Democracy Group,197787,Lega,2019-2024,None,07-2019,male
Catharina RINZEMA,Netherlands,Renew Europe Group,229519,Volkspartij voor Vrijheid en Democratie,2019-2024,None,07-2019,female
Manuela RIPA,Germany,Group of the Greens/European Free Alliance,206158,Ökologisch-Demokratische Partei,2019-2024,None,07-2019,female
Dominique RIQUET,France,Renew Europe Group,96885,Mouvement Radical Social-Libéral,2019-2024,None,07-2019,male
Michèle RIVASI,France,Group of the Greens/European Free Alliance,96743,Europe Écologie,2019-2024,None,07-2019,female
Jérôme RIVIÈRE,France,Non-attached Members,197615,Reconquête!,2019-2024,None,07-2019,male
Franco ROBERTI,Italy,Group of the Progressive Alliance of Socialists and Democrats in the European Parliament,197801,Partito Democratico,2019-2024,None,07-2019,male
Inma RODRÍGUEZ-PIÑERO,Spain,Group of the Progressive Alliance of Socialists and Democrats in the European Parliament,125043,Partido Socialista Obrero Español,2019-2024,None,07-2019,female
Eugenia RODRÍGUEZ PALOP,Spain,The Left group in the European Parliament - GUE/NGL,197785,PODEMOS,2019-2024,None,07-2019,female
María Soraya RODRÍGUEZ RAMOS,Spain,Renew Europe Group,4344,Ciudadanos – Partido de la Ciudadanía,2019-2024,None,07-2019,female
Sándor RÓNAI,Hungary,Group of the Progressive Alliance of Socialists and Democrats in the European Parliament,197584,Demokratikus Koalíció,2019-2024,None,07-2019,male
Daniela RONDINELLI,Italy,Group of the Progressive Alliance of Socialists and Democrats in the European Parliament,197792,Partito Democratico,2019-2024,None,07-2019,female
Rob ROOKEN,Netherlands,European Conservatives and Reformists Group,197776,JA21,2019-2024,None,07-2019,male
Dorien ROOKMAKER,Netherlands,European Conservatives and Reformists Group,204733,Meer Directe Democratie,2019-2024,None,07-2019,female
Robert ROOS,Netherlands,European Conservatives and Reformists Group,197709,JA21,2019-2024,None,07-2019,male
Caroline ROOSE,France,Group of the Greens/European Free Alliance,197506,Europe Écologie,2019-2024,None,07-2019,female
Bronis ROPĖ,Lithuania,Group of the Greens/European Free Alliance,125214,Lietuvos valstiečių ir žaliųjų sąjunga,2019-2024,None,07-2019,male
Marcos ROS SEMPERE,Spain,Group of the Progressive Alliance of Socialists and Democrats in the European Parliament,204413,Partido Socialista Obrero Español,2019-2024,None,07-2019,male
André ROUGÉ,France,Identity and Democracy Group,197690,Rassemblement national,2019-2024,None,07-2019,male
Bert-Jan RUISSEN,Netherlands,European Conservatives and Reformists Group,197773,Staatkundig Gereformeerde Partij,2019-2024,None,07-2019,male
Domènec RUIZ DEVESA,Spain,Group of the Progressive Alliance of Socialists and Democrats in the European Parliament,127096,Partido Socialista Obrero Español,2019-2024,None,07-2019,male
Bogdan RZOŃCA,Poland,European Conservatives and Reformists Group,197545,Prawo i Sprawiedliwość,2019-2024,None,07-2019,male
Christian SAGARTZ,Austria,Group of the European People's Party (Christian Democrats),204368,Österreichische Volkspartei,2019-2024,None,07-2019,male
Massimiliano SALINI,Italy,Group of the European People's Party (Christian Democrats),125670,Forza Italia,2019-2024,None,07-2019,male
Nacho SÁNCHEZ AMOR,Spain,Group of the Progressive Alliance of Socialists and Democrats in the European Parliament,197722,Partido Socialista Obrero Español,2019-2024,None,07-2019,male
Anne SANDER,France,Group of the European People's Party (Christian Democrats),24594,Les Républicains,2019-2024,None,07-2019,female
Alfred SANT,Malta,Group of the Progressive Alliance of Socialists and Democrats in the European Parliament,124781,Partit Laburista,2019-2024,None,07-2019,male
Isabel SANTOS,Portugal,Group of the Progressive Alliance of Socialists and Democrats in the European Parliament,197650,Partido Socialista,2019-2024,None,07-2019,female
Silvia SARDONE,Italy,Identity and Democracy Group,197578,Lega,2019-2024,None,07-2019,female
Petri SARVAMAA,Finland,Group of the European People's Party (Christian Democrats),112611,Kansallinen Kokoomus,2019-2024,None,07-2019,male
Jacek SARYUSZ-WOLSKI,Poland,European Conservatives and Reformists Group,28297,Prawo i Sprawiedliwość,2019-2024,None,07-2019,male
Mounir SATOURI,France,Group of the Greens/European Free Alliance,197500,Europe Écologie,2019-2024,None,07-2019,male
Christel SCHALDEMOSE,Denmark,Group of the Progressive Alliance of Socialists and Democrats in the European Parliament,37312,Socialdemokratiet,2019-2024,None,07-2019,female
Ernő SCHALLER-BAROSS,Hungary,Non-attached Members,213330,Fidesz-Magyar Polgári Szövetség-Kereszténydemokrata Néppárt,2019-2024,None,07-2019,male
Andreas SCHIEDER,Austria,Group of the Progressive Alliance of Socialists and Democrats in the European Parliament,197670,Sozialdemokratische Partei Österreichs,2019-2024,None,07-2019,male
Martin SCHIRDEWAN,Germany,The Left group in the European Parliament - GUE/NGL,190517,DIE LINKE.,2019-2024,None,07-2019,male
Simone SCHMIEDTBAUER,Austria,Group of the European People's Party (Christian Democrats),197656,Österreichische Volkspartei,2019-2024,None,07-2019,female
Christine SCHNEIDER,Germany,Group of the European People's Party (Christian Democrats),197422,Christlich Demokratische Union Deutschlands,2019-2024,None,07-2019,female
Helmut SCHOLZ,Germany,The Left group in the European Parliament - GUE/NGL,96646,DIE LINKE.,2019-2024,None,07-2019,male
Annie SCHREIJER-PIERIK,Netherlands,Group of the European People's Party (Christian Democrats),125030,Christen Democratisch Appèl,2019-2024,None,07-2019,female
Joachim SCHUSTER,Germany,Group of the Progressive Alliance of Socialists and Democrats in the European Parliament,124837,Sozialdemokratische Partei Deutschlands,2019-2024,None,07-2019,male
Andreas SCHWAB,Germany,Group of the European People's Party (Christian Democrats),28223,Christlich Demokratische Union Deutschlands,2019-2024,None,07-2019,male
Ralf SEEKATZ,Germany,Group of the European People's Party (Christian Democrats),197425,Christlich Demokratische Union Deutschlands,2019-2024,None,07-2019,male
Stéphane SÉJOURNÉ,France,Renew Europe Group,197508,La République en marche,2019-2024,None,07-2019,male
Monica SEMEDO,Luxembourg,Renew Europe Group,197418,Indépendent,2019-2024,None,07-2019,female
Nico SEMSROTT,Germany,Group of the Greens/European Free Alliance,197423,Independent,2019-2024,None,07-2019,male
Günther SIDL,Austria,Group of the Progressive Alliance of Socialists and Democrats in the European Parliament,197677,Sozialdemokratische Partei Österreichs,2019-2024,None,07-2019,male
Radosław SIKORSKI,Poland,Group of the European People's Party (Christian Democrats),197548,Platforma Obywatelska,2019-2024,None,07-2019,male
Pedro SILVA PEREIRA,Portugal,Group of the Progressive Alliance of Socialists and Democrats in the European Parliament,124747,Partido Socialista,2019-2024,None,07-2019,male
Michal ŠIMEČKA,Slovakia,Renew Europe Group,103746,Progresívne Slovensko,2019-2024,None,07-2019,male
Sven SIMON,Germany,Group of the European People's Party (Christian Democrats),197426,Christlich Demokratische Union Deutschlands,2019-2024,None,07-2019,male
Ivan Vilibor SINČIĆ,Croatia,Non-attached Members,197935,KLJUČ Hrvatske,2019-2024,None,07-2019,male
Birgit SIPPEL,Germany,Group of the Progressive Alliance of Socialists and Democrats in the European Parliament,96932,Sozialdemokratische Partei Deutschlands,2019-2024,None,07-2019,female
Sara SKYTTEDAL,Sweden,Group of the European People's Party (Christian Democrats),197390,Kristdemokraterna,2019-2024,None,07-2019,female
Andrey SLABAKOV,Bulgaria,European Conservatives and Reformists Group,197849,VMRO,2019-2024,None,07-2019,male
Massimiliano SMERIGLIO,Italy,Group of the Progressive Alliance of Socialists and Democrats in the European Parliament,197791,Partito Democratico,2019-2024,None,07-2019,male
Vincenzo SOFO,Italy,European Conservatives and Reformists Group,204334,Fratelli d'Italia,2019-2024,None,07-2019,male
Michaela ŠOJDROVÁ,Czechia,Group of the European People's Party (Christian Democrats),124710,Křesťanská a demokratická unie - Československá strana lidová,2019-2024,None,07-2019,female
Tomislav SOKOL,Croatia,Group of the European People's Party (Christian Democrats),197417,Hrvatska demokratska zajednica,2019-2024,None,07-2019,male
Jordi SOLÉ,Spain,Group of the Greens/European Free Alliance,185974,Esquerra Republicana de Catalunya,2019-2024,None,07-2019,male
Susana SOLÍS PÉREZ,Spain,Renew Europe Group,197784,Ciudadanos – Partido de la Ciudadanía,2019-2024,None,07-2019,female
Martin SONNEBORN,Germany,Non-attached Members,124834,Die PARTEI,2019-2024,None,07-2019,male
Sylwia SPUREK,Poland,Group of the Greens/European Free Alliance,197550,Independent,2019-2024,None,07-2019,female
Maria SPYRAKI,Greece,Group of the European People's Party (Christian Democrats),125064,Nea Demokratia,2019-2024,None,07-2019,female
Raffaele STANCANELLI,Italy,European Conservatives and Reformists Group,197825,Fratelli d'Italia,2019-2024,None,07-2019,male
Sergei STANISHEV,Bulgaria,Group of the Progressive Alliance of Socialists and Democrats in the European Parliament,124852,Bulgarian Socialist Party,2019-2024,None,07-2019,male
Eleni STAVROU,Cyprus,Group of the European People's Party (Christian Democrats),239271,Democratic Rally,2019-2024,None,07-2019,female
Ivan ŠTEFANEC,Slovakia,Group of the European People's Party (Christian Democrats),124929,Kresťanskodemokratické hnutie,2019-2024,None,07-2019,male
Nicolae ŞTEFĂNUȚĂ,Romania,Group of the Greens/European Free Alliance,58766,Uniunea Salvați România,2019-2024,None,07-2019,male
Tineke STRIK,Netherlands,Group of the Greens/European Free Alliance,197772,GroenLinks,2019-2024,None,07-2019,female
Ramona STRUGARIU,Romania,Renew Europe Group,134605,Reînnoim Proiectul European al României,2019-2024,None,07-2019,female
Beata SZYDŁO,Poland,European Conservatives and Reformists Group,197553,Prawo i Sprawiedliwość,2019-2024,None,07-2019,female
Paul TANG,Netherlands,Group of the Progressive Alliance of Socialists and Democrats in the European Parliament,125020,Partij van de Arbeid,2019-2024,None,07-2019,male
Marc TARABELLA,Belgium,Non-attached Members,29579,Parti Socialiste,2019-2024,None,07-2019,male
Dominik TARCZYŃSKI,Poland,European Conservatives and Reformists Group,204346,Prawo i Sprawiedliwość,2019-2024,None,07-2019,male
Annalisa TARDINO,Italy,Identity and Democracy Group,197806,Lega,2019-2024,None,07-2019,female
Vera TAX,Netherlands,Group of the Progressive Alliance of Socialists and Democrats in the European Parliament,197756,Partij van de Arbeid,2019-2024,None,07-2019,female
Cristian TERHEŞ,Romania,European Conservatives and Reformists Group,197655,Partidul Național Țărănesc Creștin Democrat,2019-2024,None,07-2019,male
Riho TERRAS,Estonia,Group of the European People's Party (Christian Democrats),204449,Isamaa,2019-2024,None,07-2019,female
Hermann TERTSCH,Spain,European Conservatives and Reformists Group,197831,VOX,2019-2024,None,07-2019,male
Barbara THALER,Austria,Group of the European People's Party (Christian Democrats),197667,Österreichische Volkspartei,2019-2024,None,07-2019,female
Róża THUN UND HOHENSTEIN,Poland,Renew Europe Group,96776,Polska 2050,2019-2024,None,07-2019,female
Irene TINAGLI,Italy,Group of the Progressive Alliance of Socialists and Democrats in the European Parliament,197591,Partito Democratico,2019-2024,None,07-2019,female
Tomas TOBÉ,Sweden,Group of the European People's Party (Christian Democrats),197402,Moderaterna,2019-2024,None,07-2019,male
Grzegorz TOBISZOWSKI,Poland,European Conservatives and Reformists Group,197559,Prawo i Sprawiedliwość,2019-2024,None,07-2019,male
Patrizia TOIA,Italy,Group of the Progressive Alliance of Socialists and Democrats in the European Parliament,28340,Partito Democratico,2019-2024,None,07-2019,female
Irène TOLLERET,France,Renew Europe Group,197547,Liste Renaissance,2019-2024,None,07-2019,female
Eugen TOMAC,Romania,Group of the European People's Party (Christian Democrats),197672,Partidul Mișcarea Populară,2019-2024,None,07-2019,male
Waldemar TOMASZEWSKI,Lithuania,European Conservatives and Reformists Group,96697,Lietuvos lenkų rinkimų akcija – Krikščioniškų šeimų sąjunga,2019-2024,None,07-2019,male
Romana TOMC,Slovenia,Group of the European People's Party (Christian Democrats),125104,Slovenska demokratska stranka,2019-2024,None,07-2019,female
Yana TOOM,Estonia,Renew Europe Group,124700,Eesti Keskerakond,2019-2024,None,07-2019,female
Nils TORVALDS,Finland,Renew Europe Group,114268,Svenska folkpartiet,2019-2024,None,07-2019,male
Edina TÓTH,Hungary,Non-attached Members,27714,Fidesz-Magyar Polgári Szövetség-Kereszténydemokrata Néppárt,2019-2024,None,07-2019,female
Marie TOUSSAINT,France,Group of the Greens/European Free Alliance,97236,Europe Écologie,2019-2024,None,07-2019,female
Isabella TOVAGLIERI,Italy,Identity and Democracy Group,197580,Lega,2019-2024,None,07-2019,female
Véronique TRILLET-LENOIR,France,Renew Europe Group,197593,Liste Renaissance,2019-2024,None,07-2019,female
László TRÓCSÁNYI,Hungary,Non-attached Members,197894,Fidesz-Magyar Polgári Szövetség-Kereszténydemokrata Néppárt,2019-2024,None,07-2019,male
Dragoş TUDORACHE,Romania,Renew Europe Group,197665,Reînnoim Proiectul European al României,2019-2024,None,07-2019,male
Mihai TUDOSE,Romania,Group of the Progressive Alliance of Socialists and Democrats in the European Parliament,198183,Partidul Social Democrat,2019-2024,None,07-2019,male
Milan UHRÍK,Slovakia,Non-attached Members,197763,Hnutie Republika,2019-2024,None,07-2019,male
István UJHELYI,Hungary,Group of the Progressive Alliance of Socialists and Democrats in the European Parliament,124705,Magyar Szocialista Párt,2019-2024,None,07-2019,male
Miguel URBÁN CRESPO,Spain,The Left group in the European Parliament - GUE/NGL,131507,ANTICAPITALISTAS,2019-2024,None,07-2019,male
Ernest URTASUN,Spain,Group of the Greens/European Free Alliance,124972,Catalunya en Comú,2019-2024,None,07-2019,male
Nils UŠAKOVS,Latvia,Group of the Progressive Alliance of Socialists and Democrats in the European Parliament,197810,"""Saskaņa"" sociāldemokrātiskā partija",2019-2024,None,07-2019,male
Viktor USPASKICH,Lithuania,Non-attached Members,96698,Darbo partija,2019-2024,None,07-2019,male
Inese VAIDERE,Latvia,Group of the European People's Party (Christian Democrats),28617,"Partija ""VIENOTĪBA""",2019-2024,None,07-2019,female
Monika VANA,Austria,Group of the Greens/European Free Alliance,124934,Die Grünen - Die Grüne Alternative,2019-2024,None,07-2019,female
Kathleen VAN BREMPT,Belgium,Group of the Progressive Alliance of Socialists and Democrats in the European Parliament,5729,Vooruit,2019-2024,None,07-2019,female
Tom VANDENDRIESSCHE,Belgium,Identity and Democracy Group,185771,Vlaams Belang,2019-2024,None,07-2019,male
Tom VANDENKENDELAERE,Belgium,Group of the European People's Party (Christian Democrats),129164,Christen-Democratisch & Vlaams,2019-2024,None,07-2019,male
Johan VAN OVERTVELDT,Belgium,European Conservatives and Reformists Group,125106,Nieuw-Vlaamse Alliantie,2019-2024,None,07-2019,male
Kim VAN SPARRENTAK,Netherlands,Group of the Greens/European Free Alliance,197870,GroenLinks,2019-2024,None,07-2019,female
Achille VARIATI,Italy,Group of the Progressive Alliance of Socialists and Democrats in the European Parliament,239257,Partito Democratico,2019-2024,None,07-2019,male
Hilde VAUTMANS,Belgium,Renew Europe Group,130100,Open Vlaamse Liberalen en Democraten,2019-2024,None,07-2019,female
Marie-Pierre VEDRENNE,France,Renew Europe Group,197502,Mouvement Démocrate,2019-2024,None,07-2019,female
Sabine VERHEYEN,Germany,Group of the European People's Party (Christian Democrats),96756,Christlich Demokratische Union Deutschlands,2019-2024,None,07-2019,female
Guy VERHOFSTADT,Belgium,Renew Europe Group,97058,Open Vlaamse Liberalen en Democraten,2019-2024,None,07-2019,male
Harald VILIMSKY,Austria,Identity and Democracy Group,125001,Freiheitliche Partei Österreichs,2019-2024,None,07-2019,male
Idoia VILLANUEVA RUIZ,Spain,The Left group in the European Parliament - GUE/NGL,197827,PODEMOS,2019-2024,None,07-2019,female
Nikolaj VILLUMSEN,Denmark,The Left group in the European Parliament - GUE/NGL,197571,Enhedslisten,2019-2024,None,07-2019,male
Marianne VIND,Denmark,Group of the Progressive Alliance of Socialists and Democrats in the European Parliament,199941,Socialdemokratiet,2019-2024,None,07-2019,female
Henna VIRKKUNEN,Finland,Group of the European People's Party (Christian Democrats),124726,Kansallinen Kokoomus,2019-2024,None,07-2019,female
Anders VISTISEN,Denmark,Identity and Democracy Group,124875,Dansk Folkeparti,2019-2024,None,07-2019,male
Petar VITANOV,Bulgaria,Group of the Progressive Alliance of Socialists and Democrats in the European Parliament,197844,Bulgarian Socialist Party,2019-2024,None,07-2019,male
Viola VON CRAMON-TAUBADEL,Germany,Group of the Greens/European Free Alliance,197451,Bündnis 90/Die Grünen,2019-2024,None,07-2019,female
Alexandr VONDRA,Czechia,European Conservatives and Reformists Group,197537,Občanská demokratická strana,2019-2024,None,07-2019,male
Axel VOSS,Germany,Group of the European People's Party (Christian Democrats),96761,Christlich Demokratische Union Deutschlands,2019-2024,None,07-2019,male
Elissavet VOZEMBERG-VRIONIDI,Greece,Group of the European People's Party (Christian Democrats),125065,Nea Demokratia,2019-2024,None,07-2019,female
Veronika VRECIONOVÁ,Czechia,European Conservatives and Reformists Group,197552,Občanská demokratická strana,2019-2024,None,07-2019,female
Lucia VUOLO,Italy,Group of the European People's Party (Christian Democrats),197798,Forza Italia,2019-2024,None,07-2019,female
Adrián VÁZQUEZ LÁZARA,Spain,Renew Europe Group,204400,Ciudadanos – Partido de la Ciudadanía,2019-2024,None,07-2019,male
Thomas WAITZ,Austria,Group of the Greens/European Free Alliance,190464,Die Grünen - Die Grüne Alternative,2019-2024,None,07-2019,male
Mick WALLACE,Ireland,The Left group in the European Parliament - GUE/NGL,197817,Independents for change,2019-2024,None,07-2019,male
Maria WALSH,Ireland,Group of the European People's Party (Christian Democrats),197863,Fine Gael Party,2019-2024,None,07-2019,female
Marion WALSMANN,Germany,Group of the European People's Party (Christian Democrats),197429,Christlich Demokratische Union Deutschlands,2019-2024,None,07-2019,female
Jörgen WARBORN,Sweden,Group of the European People's Party (Christian Democrats),197405,Moderaterna,2019-2024,None,07-2019,male
Witold Jan WASZCZYKOWSKI,Poland,European Conservatives and Reformists Group,197566,Prawo i Sprawiedliwość,2019-2024,None,07-2019,male
Manfred WEBER,Germany,Group of the European People's Party (Christian Democrats),28229,Christlich-Soziale Union in Bayern e.V.,2019-2024,None,07-2019,male
Charlie WEIMERS,Sweden,European Conservatives and Reformists Group,123562,Sverigedemokraterna,2019-2024,None,07-2019,male
Pernille WEISS,Denmark,Group of the European People's Party (Christian Democrats),197515,Det Konservative Folkeparti,2019-2024,None,07-2019,female
Rainer WIELAND,Germany,Group of the European People's Party (Christian Democrats),2323,Christlich Demokratische Union Deutschlands,2019-2024,None,07-2019,male
Sarah WIENER,Austria,Group of the Greens/European Free Alliance,197675,Die Grünen - Die Grüne Alternative,2019-2024,None,07-2019,female
Emma WIESNER,Sweden,Renew Europe Group,214839,Centerpartiet,2019-2024,None,07-2019,female
Michal WIEZIK,Slovakia,Renew Europe Group,197769,Progresívne Slovensko,2019-2024,None,07-2019,male
Iuliu WINKLER,Romania,Group of the European People's Party (Christian Democrats),39725,Uniunea Democrată Maghiară din România,2019-2024,None,07-2019,male
Angelika WINZIG,Austria,Group of the European People's Party (Christian Democrats),197652,Österreichische Volkspartei,2019-2024,None,07-2019,female
Isabel WISELER-LIMA,Luxembourg,Group of the European People's Party (Christian Democrats),197421,Parti chrétien social luxembourgeois,2019-2024,None,07-2019,female
Jadwiga WIŚNIEWSKA,Poland,European Conservatives and Reformists Group,124877,Prawo i Sprawiedliwość,2019-2024,None,07-2019,female
Tiemo WÖLKEN,Germany,Group of the Progressive Alliance of Socialists and Democrats in the European Parliament,185619,Sozialdemokratische Partei Deutschlands,2019-2024,None,07-2019,male
Lara WOLTERS,Netherlands,Group of the Progressive Alliance of Socialists and Democrats in the European Parliament,5392,Partij van de Arbeid,2019-2024,None,07-2019,female
Salima YENBOU,France,Renew Europe Group,197511,Renaissance,2019-2024,None,07-2019,female
Stéphanie YON-COURTIN,France,Renew Europe Group,197581,Liste Renaissance,2019-2024,None,07-2019,female
Elena YONCHEVA,Bulgaria,Group of the Progressive Alliance of Socialists and Democrats in the European Parliament,197842,Bulgarian Socialist Party,2019-2024,None,07-2019,female
Theodoros ZAGORAKIS,Greece,Group of the European People's Party (Christian Democrats),125067,Nea Demokratia,2019-2024,None,07-2019,male
Jan ZAHRADIL,Czechia,European Conservatives and Reformists Group,23712,Občanská demokratická strana,2019-2024,None,07-2019,male
Anna ZALEWSKA,Poland,European Conservatives and Reformists Group,197572,Prawo i Sprawiedliwość,2019-2024,None,07-2019,female
Stefania ZAMBELLI,Italy,Identity and Democracy Group,197586,Lega,2019-2024,None,07-2019,female
Marco ZANNI,Italy,Identity and Democracy Group,124780,Lega,2019-2024,None,07-2019,male
Javier ZARZALEJOS,Spain,Group of the European People's Party (Christian Democrats),197606,Partido Popular,2019-2024,None,07-2019,male
Tatjana ŽDANOKA,Latvia,Non-attached Members,28619,Latvijas Krievu savienība,2019-2024,None,07-2019,female
Tomáš ZDECHOVSKÝ,Czechia,Group of the European People's Party (Christian Democrats),124713,Křesťanská a demokratická unie - Československá strana lidová,2019-2024,None,07-2019,male
Roberts ZĪLE,Latvia,European Conservatives and Reformists Group,28615,"Nacionālā apvienība ""Visu Latvijai!""-""Tēvzemei un Brīvībai/LNNK""",2019-2024,None,07-2019,male
Bernhard ZIMNIOK,Germany,Identity and Democracy Group,197489,Alternative für Deutschland,2019-2024,None,07-2019,male
Kosma ZŁOTOWSKI,Poland,European Conservatives and Reformists Group,124884,Prawo i Sprawiedliwość,2019-2024,None,07-2019,male
Juan Ignacio ZOIDO ÁLVAREZ,Spain,Group of the European People's Party (Christian Democrats),197621,Partido Popular,2019-2024,None,07-2019,male
Carlos ZORRINHO,Portugal,Group of the Progressive Alliance of Socialists and Democrats in the European Parliament,124739,Partido Socialista,2019-2024,None,07-2019,male
Marco ZULLO,Italy,Renew Europe Group,125237,Independent,2019-2024,None,07-2019,male
Milan ZVER,Slovenia,Group of the European People's Party (Christian Democrats),96933,Slovenska demokratska stranka,2019-2024,None,07-2019,male
Mazaly AGUILAR,Spain,European Conservatives and Reformists Group,198096,VOX,2019-2024,None,07-2019,female
Atidzhe ALIEVA-VELI,Bulgaria,Renew Europe Group,197848,Movement for Rights and Freedoms,2019-2024,None,07-2019,female
Adrian-Dragoş BENEA,Romania,Group of the Progressive Alliance of Socialists and Democrats in the European Parliament,197658,Partidul Social Democrat,2019-2024,None,07-2019,male
Ioan-Rareş BOGDAN,Romania,Group of the European People's Party (Christian Democrats),197636,Partidul Naţional Liberal,2019-2024,None,07-2019,male
Sunčana GLAVAK,Croatia,Group of the European People's Party (Christian Democrats),202036,Hrvatska demokratska zajednica,2019-2024,None,07-2019,female
Izabela-Helena KLOC,Poland,European Conservatives and Reformists Group,197520,Prawo i Sprawiedliwość,2019-2024,None,07-2019,female
Maria-Manuel LEITÃO-MARQUES,Portugal,Group of the Progressive Alliance of Socialists and Democrats in the European Parliament,197635,Partido Socialista,2019-2024,None,07-2019,female
Marian-Jean MARINESCU,Romania,Group of the European People's Party (Christian Democrats),33982,Partidul Naţional Liberal,2019-2024,None,07-2019,male
Gheorghe-Vlad NISTOR,Romania,Group of the European People's Party (Christian Democrats),202112,Partidul Naţional Liberal,2019-2024,None,07-2019,male
Evžen TOŠENOVSKÝ,Czechia,European Conservatives and Reformists Group,96713,Občanská demokratická strana,2019-2024,None,07-2019,male
Loránt VINCZE,Romania,Group of the European People's Party (Christian Democrats),98582,Uniunea Democrată Maghiară din România,2019-2024,None,07-2019,male
Željana ZOVKO,Croatia,Group of the European People's Party (Christian Democrats),185341,Hrvatska demokratska zajednica,2019-2024,None,07-2019,female
